PassengerId,Survived,Pclass,Fare,IsAdult,IsAlone,C,S,Q,Female,Male
-1.730107956920867,-0.7892723355548015,0.8273772438659699,-0.5024451714361923,0,1,0.0,0.0,1.0,0.0,1.0
-1.7262200738716067,1.266989801811655,-1.5661069258891576,0.7868452935884461,0,1,1.0,0.0,0.0,1.0,0.0
-1.7223321908223463,1.266989801811655,0.8273772438659699,-0.4888542575852486,0,1,0.0,0.0,1.0,1.0,0.0
-1.718444307773086,1.266989801811655,-1.5661069258891576,0.4207302360686478,0,1,0.0,0.0,1.0,1.0,0.0
-1.7145564247238256,-0.7892723355548015,0.8273772438659699,-0.4863374216869257,0,1,0.0,0.0,1.0,0.0,1.0
-1.7106685416745653,-0.7892723355548015,0.8273772438659699,-0.47811642890864375,0,1,0.0,1.0,0.0,0.0,1.0
-1.7067806586253047,-0.7892723355548015,-1.5661069258891576,0.395813560675251,0,1,0.0,0.0,1.0,0.0,1.0
-1.7028927755760443,-0.7892723355548015,0.8273772438659699,-0.22408312108167944,0,0,0.0,0.0,1.0,0.0,1.0
-1.699004892526784,1.266989801811655,0.8273772438659699,-0.4242561406845337,0,0,0.0,0.0,1.0,1.0,0.0
-1.6951170094775236,1.266989801811655,-0.3693648410115938,-0.04295550208861426,0,1,1.0,0.0,0.0,1.0,0.0
-1.6912291264282633,1.266989801811655,0.8273772438659699,-0.312172377522981,0,0,0.0,0.0,1.0,1.0,0.0
-1.687341243379003,1.266989801811655,-1.5661069258891576,-0.11384570873513637,0,1,0.0,0.0,1.0,1.0,0.0
-1.6834533603297426,-0.7892723355548015,0.8273772438659699,-0.4863374216869257,0,1,0.0,0.0,1.0,0.0,1.0
-1.6795654772804822,-0.7892723355548015,0.8273772438659699,-0.01870931177853076,0,0,0.0,0.0,1.0,0.0,1.0
-1.6756775942312219,-0.7892723355548015,0.8273772438659699,-0.4902797934380587,0,1,0.0,0.0,1.0,1.0,0.0
-1.6717897111819615,1.266989801811655,-0.3693648410115938,-0.3262666585535892,0,1,0.0,0.0,1.0,1.0,0.0
-1.667901828132701,-0.7892723355548015,0.8273772438659699,-0.06199888922968463,0,0,0.0,1.0,0.0,0.0,1.0
-1.6640139450834406,1.266989801811655,-0.3693648410115938,-0.3866707201133388,0,1,0.0,0.0,1.0,0.0,1.0
-1.6601260620341802,-0.7892723355548015,0.8273772438659699,-0.2859972841804228,0,1,0.0,0.0,1.0,1.0,0.0
-1.6562381789849199,1.266989801811655,0.8273772438659699,-0.5029485386158568,0,1,1.0,0.0,0.0,1.0,0.0
-1.6523502959356595,-0.7892723355548015,-0.3693648410115938,-0.12491978668775715,0,1,0.0,0.0,1.0,0.0,1.0
-1.6484624128863992,1.266989801811655,-0.3693648410115938,-0.3866707201133388,0,1,0.0,0.0,1.0,0.0,1.0
-1.6445745298371388,1.266989801811655,0.8273772438659699,-0.4867562231804066,0,1,0.0,1.0,0.0,1.0,0.0
-1.6406866467878785,1.266989801811655,-1.5661069258891576,0.06635974158478332,0,1,0.0,0.0,1.0,0.0,1.0
-1.636798763738618,-0.7892723355548015,0.8273772438659699,-0.22408312108167944,0,0,0.0,0.0,1.0,1.0,0.0
-1.6329108806893577,1.266989801811655,0.8273772438659699,-0.016444159470040135,0,0,0.0,0.0,1.0,1.0,0.0
-1.6290229976400974,-0.7892723355548015,0.8273772438659699,-0.5029485386158568,0,1,1.0,0.0,0.0,0.0,1.0
-1.6251351145908368,-0.7892723355548015,-1.5661069258891576,4.647001076532463,0,0,0.0,0.0,1.0,0.0,1.0
-1.6212472315415765,1.266989801811655,0.8273772438659699,-0.48977642625839407,0,1,0.0,1.0,0.0,1.0,0.0
-1.617359348492316,-0.7892723355548015,0.8273772438659699,-0.4894421904510968,0,1,0.0,0.0,1.0,0.0,1.0
-1.6134714654430558,-0.7892723355548015,-1.5661069258891576,-0.09027201697708476,0,1,1.0,0.0,0.0,0.0,1.0
-1.6095835823937954,1.266989801811655,-1.5661069258891576,2.301728820789,0,1,1.0,0.0,0.0,1.0,0.0
-1.605695699344535,1.266989801811655,0.8273772438659699,-0.49237782784290063,0,1,0.0,1.0,0.0,1.0,0.0
-1.6018078162952747,-0.7892723355548015,-0.3693648410115938,-0.43700743807979686,0,1,0.0,0.0,1.0,0.0,1.0
-1.5979199332460143,-0.7892723355548015,-1.5661069258891576,1.0060617003323709,0,1,1.0,0.0,0.0,0.0,1.0
-1.594032050196754,-0.7892723355548015,-1.5661069258891576,0.39858208016340624,0,1,0.0,0.0,1.0,0.0,1.0
-1.5901441671474936,1.266989801811655,0.8273772438659699,-0.5028639729296732,0,1,1.0,0.0,0.0,0.0,1.0
-1.5862562840982333,-0.7892723355548015,0.8273772438659699,-0.4863374216869257,0,1,0.0,0.0,1.0,0.0,1.0
-1.5823684010489727,-0.7892723355548015,0.8273772438659699,-0.2859972841804228,0,0,0.0,0.0,1.0,1.0,0.0
-1.5784805179997123,1.266989801811655,0.8273772438659699,-0.42207354059350805,0,1,1.0,0.0,0.0,1.0,0.0
-1.574592634950452,-0.7892723355548015,0.8273772438659699,-0.4576454924460446,0,1,0.0,0.0,1.0,1.0,0.0
-1.5707047519011916,-0.7892723355548015,-0.3693648410115938,-0.22559322262067316,0,1,0.0,0.0,1.0,1.0,0.0
-1.5668168688519313,-0.7892723355548015,0.8273772438659699,-0.4894421904510968,0,1,1.0,0.0,0.0,0.0,1.0
-1.562928985802671,1.266989801811655,-0.3693648410115938,0.18876253192945994,0,0,1.0,0.0,0.0,1.0,0.0
-1.5590411027534106,1.266989801811655,0.8273772438659699,-0.48977642625839407,0,1,0.0,1.0,0.0,1.0,0.0
-1.5551532197041502,-0.7892723355548015,0.8273772438659699,-0.4863374216869257,0,1,0.0,0.0,1.0,0.0,1.0
-1.5512653366548899,-0.7892723355548015,0.8273772438659699,-0.3363340021468808,0,1,0.0,1.0,0.0,0.0,1.0
-1.5473774536056295,1.266989801811655,0.8273772438659699,-0.49237782784290063,0,1,0.0,1.0,0.0,1.0,0.0
-1.543489570556369,-0.7892723355548015,0.8273772438659699,-0.21191774308354583,0,0,1.0,0.0,0.0,0.0,1.0
-1.5396016875071086,-0.7892723355548015,0.8273772438659699,-0.29002422161773944,0,1,0.0,0.0,1.0,1.0,0.0
-1.5357138044578482,-0.7892723355548015,0.8273772438659699,0.1506737441786005,0,0,0.0,0.0,1.0,0.0,1.0
-1.5318259214085879,-0.7892723355548015,0.8273772438659699,-0.4913710934835715,0,1,0.0,0.0,1.0,0.0,1.0
-1.5279380383593275,1.266989801811655,-1.5661069258891576,0.8964967865378598,0,1,1.0,0.0,0.0,1.0,0.0
-1.5240501553100672,1.266989801811655,-0.3693648410115938,-0.12491978668775715,0,1,0.0,0.0,1.0,1.0,0.0
-1.5201622722608068,-0.7892723355548015,-1.5661069258891576,0.5995101505357573,0,0,1.0,0.0,0.0,0.0,1.0
-1.5162743892115464,1.266989801811655,-1.5661069258891576,0.06635974158478332,0,1,0.0,0.0,1.0,0.0,1.0
-1.512386506162286,1.266989801811655,-0.3693648410115938,-0.43700743807979686,0,1,0.0,0.0,1.0,1.0,0.0
-1.5084986231130257,-0.7892723355548015,0.8273772438659699,-0.5028639729296732,0,1,1.0,0.0,0.0,0.0,1.0
-1.5046107400637654,1.266989801811655,-0.3693648410115938,-0.08968408411123653,0,0,0.0,0.0,1.0,1.0,0.0
-1.5007228570145048,-0.7892723355548015,0.8273772438659699,0.2958951755118318,0,0,0.0,0.0,1.0,0.0,1.0
-1.4968349739652445,-0.7892723355548015,0.8273772438659699,-0.5028639729296732,0,1,1.0,0.0,0.0,0.0,1.0
-1.492947090915984,1.266989801811655,-1.5661069258891576,0.962353321387736,0,1,0.0,0.0,0.0,1.0,0.0
-1.4890592078667237,-0.7892723355548015,-1.5661069258891576,1.0323213593611125,0,1,0.0,0.0,1.0,0.0,1.0
-1.4851713248174634,-0.7892723355548015,0.8273772438659699,-0.08666388103324908,0,0,0.0,0.0,1.0,0.0,1.0
-1.481283441768203,-0.7892723355548015,-1.5661069258891576,-0.09027201697708476,0,1,1.0,0.0,0.0,0.0,1.0
-1.4773955587189427,1.266989801811655,0.8273772438659699,-0.3414522396297103,0,0,1.0,0.0,0.0,0.0,1.0
-1.4735076756696823,1.266989801811655,-0.3693648410115938,-0.43700743807979686,0,1,0.0,0.0,1.0,1.0,0.0
-1.469619792620422,-0.7892723355548015,0.8273772438659699,-0.4841568350646187,0,1,0.0,0.0,1.0,0.0,1.0
-1.4657319095711616,1.266989801811655,0.8273772438659699,-0.4888542575852486,0,0,0.0,0.0,1.0,1.0,0.0
-1.461844026521901,-0.7892723355548015,0.8273772438659699,-0.47400492578514347,0,0,0.0,0.0,1.0,0.0,1.0
-1.4579561434726407,-0.7892723355548015,-0.3693648410115938,-0.43700743807979686,0,1,0.0,0.0,1.0,0.0,1.0
-1.4540682604233803,-0.7892723355548015,0.8273772438659699,0.2958951755118318,0,0,0.0,0.0,1.0,1.0,0.0
-1.45018037737412,-0.7892723355548015,-0.3693648410115938,0.8314778546749452,0,1,0.0,0.0,1.0,0.0,1.0
-1.4462924943248596,-0.7892723355548015,0.8273772438659699,-0.3573908580066095,0,1,1.0,0.0,0.0,0.0,1.0
-1.4424046112755993,1.266989801811655,0.8273772438659699,0.48910360681684706,0,1,0.0,0.0,1.0,0.0,1.0
-1.438516728226339,-0.7892723355548015,0.8273772438659699,-0.494391296561559,0,1,0.0,0.0,1.0,0.0,1.0
-1.4346288451770786,-0.7892723355548015,0.8273772438659699,-0.4894421904510968,0,1,0.0,0.0,1.0,0.0,1.0
-1.4307409621278182,-0.7892723355548015,0.8273772438659699,-0.4863374216869257,0,1,0.0,0.0,1.0,0.0,1.0
-1.4268530790785579,1.266989801811655,-0.3693648410115938,-0.06451572512800753,0,0,0.0,0.0,1.0,0.0,1.0
-1.4229651960292975,1.266989801811655,0.8273772438659699,-0.397241430886295,0,1,0.0,0.0,1.0,1.0,0.0
-1.419077312980037,-0.7892723355548015,0.8273772438659699,-0.46720946885967163,0,1,0.0,0.0,1.0,0.0,1.0
-1.4151894299307766,1.266989801811655,0.8273772438659699,-0.45714212526638004,0,1,0.0,0.0,1.0,0.0,1.0
-1.4113015468815162,1.266989801811655,0.8273772438659699,-0.49162277707340374,0,1,0.0,1.0,0.0,1.0,0.0
-1.4074136638322559,-0.7892723355548015,-1.5661069258891576,0.29992211294914856,0,1,0.0,0.0,1.0,0.0,1.0
-1.4035257807829955,1.266989801811655,-0.3693648410115938,-0.43700743807979686,0,1,0.0,0.0,1.0,1.0,0.0
-1.3996378977337351,1.266989801811655,0.8273772438659699,-0.32928686163157667,0,0,0.0,0.0,1.0,1.0,0.0
-1.3957500146844748,-0.7892723355548015,0.8273772438659699,0.04370821849987721,0,0,0.0,0.0,1.0,0.0,1.0
-1.3918621316352144,-0.7892723355548015,0.8273772438659699,-0.4863374216869257,0,1,0.0,0.0,1.0,0.0,1.0
-1.387974248585954,1.266989801811655,-1.5661069258891576,4.647001076532463,0,0,0.0,0.0,1.0,1.0,0.0
-1.3840863655366937,-0.7892723355548015,0.8273772438659699,-0.4863374216869257,0,1,0.0,0.0,1.0,0.0,1.0
-1.3801984824874334,-0.7892723355548015,0.8273772438659699,-0.4863374216869257,0,1,0.0,0.0,1.0,0.0,1.0
-1.3763105994381728,-0.7892723355548015,0.8273772438659699,-0.4902797934380587,0,1,0.0,0.0,1.0,0.0,1.0
-1.3724227163889124,-0.7892723355548015,-1.5661069258891576,0.5833178351003071,0,1,0.0,0.0,1.0,0.0,1.0
-1.368534833339652,-0.7892723355548015,0.8273772438659699,-0.23415046467497105,0,0,0.0,0.0,1.0,0.0,1.0
-1.3646469502903917,-0.7892723355548015,0.8273772438659699,-0.5024451714361923,0,1,0.0,0.0,1.0,0.0,1.0
-1.3607590672411314,-0.7892723355548015,0.8273772438659699,-0.4863374216869257,0,1,0.0,0.0,1.0,0.0,1.0
-1.356871184191871,-0.7892723355548015,-1.5661069258891576,0.0493298231623713,0,1,1.0,0.0,0.0,0.0,1.0
-1.3529833011426107,1.266989801811655,-1.5661069258891576,0.6272778976347743,0,0,1.0,0.0,0.0,0.0,1.0
-1.3490954180933503,1.266989801811655,-0.3693648410115938,-0.18532384824750675,0,0,0.0,0.0,1.0,1.0,0.0
-1.34520753504409,-0.7892723355548015,-0.3693648410115938,-0.12491978668775715,0,1,0.0,0.0,1.0,0.0,1.0
-1.3413196519948296,-0.7892723355548015,0.8273772438659699,-0.4894421904510968,0,1,0.0,0.0,1.0,1.0,0.0
-1.337431768945569,-0.7892723355548015,0.8273772438659699,-0.4894421904510968,0,1,0.0,0.0,1.0,0.0,1.0
-1.3335438858963087,-0.7892723355548015,-1.5661069258891576,0.907737982394129,0,0,0.0,0.0,1.0,0.0,1.0
-1.3296560028470483,-0.7892723355548015,0.8273772438659699,-0.4741720436887921,0,1,0.0,0.0,1.0,0.0,1.0
-1.325768119797788,-0.7892723355548015,0.8273772438659699,-0.4888542575852486,0,0,0.0,0.0,1.0,0.0,1.0
-1.3218802367485276,-0.7892723355548015,0.8273772438659699,-0.4894421904510968,0,1,0.0,0.0,1.0,0.0,1.0
-1.3179923536992673,1.266989801811655,0.8273772438659699,-0.494391296561559,0,1,0.0,0.0,1.0,1.0,0.0
-1.314104470650007,1.266989801811655,0.8273772438659699,-0.4918744606632361,0,1,0.0,0.0,1.0,0.0,1.0
-1.3102165876007466,-0.7892723355548015,0.8273772438659699,-0.4894421904510968,0,1,0.0,0.0,1.0,0.0,1.0
-1.3063287045514862,1.266989801811655,0.8273772438659699,-0.1621689579829361,0,1,0.0,1.0,0.0,1.0,0.0
-1.3024408215022258,-0.7892723355548015,-1.5661069258891576,0.39858208016340624,0,1,0.0,0.0,1.0,0.0,1.0
-1.2985529384529655,-0.7892723355548015,0.8273772438659699,-0.3573908580066095,0,1,1.0,0.0,0.0,1.0,0.0
-1.294665055403705,-0.7892723355548015,0.8273772438659699,-0.4863374216869257,0,1,0.0,0.0,1.0,0.0,1.0
-1.2907771723544446,-0.7892723355548015,0.8273772438659699,-0.4505983519307405,0,1,0.0,0.0,1.0,1.0,0.0
-1.2868892893051842,-0.7892723355548015,0.8273772438659699,-0.3573083057891445,0,1,1.0,0.0,0.0,1.0,0.0
-1.2830014062559238,-0.7892723355548015,0.8273772438659699,-0.4888542575852486,0,1,0.0,0.0,1.0,0.0,1.0
-1.2791135232066635,-0.7892723355548015,0.8273772438659699,-0.49237782784290063,0,1,0.0,1.0,0.0,0.0,1.0
-1.2752256401574031,-0.7892723355548015,-0.3693648410115938,-0.22559322262067316,0,1,0.0,0.0,1.0,0.0,1.0
-1.2713377571081428,-0.7892723355548015,-1.5661069258891576,4.335332226633905,0,0,1.0,0.0,0.0,0.0,1.0
-1.2674498740588824,-0.7892723355548015,0.8273772438659699,-0.01870931177853076,0,0,0.0,0.0,1.0,1.0,0.0
-1.263561991009622,-0.7892723355548015,-0.3693648410115938,0.8314778546749452,0,0,0.0,0.0,1.0,0.0,1.0
-1.2596741079603617,-0.7892723355548015,0.8273772438659699,-0.4863374216869257,0,1,0.0,0.0,1.0,0.0,1.0
-1.2557862249111011,-0.7892723355548015,-0.3693648410115938,-0.04295550208861426,0,1,1.0,0.0,0.0,0.0,1.0
-1.2518983418618408,1.266989801811655,-0.3693648410115938,-0.3866707201133388,0,1,0.0,0.0,1.0,1.0,0.0
-1.2480104588125804,-0.7892723355548015,-1.5661069258891576,0.907737982394129,0,0,0.0,0.0,1.0,0.0,1.0
-1.24412257576332,1.266989801811655,0.8273772438659699,-0.42207354059350805,0,1,1.0,0.0,0.0,0.0,1.0
-1.2402346927140597,-0.7892723355548015,0.8273772438659699,-0.49237782784290063,0,1,0.0,1.0,0.0,0.0,1.0
-1.2363468096647994,1.266989801811655,0.8273772438659699,-0.5046257580584992,0,1,0.0,0.0,1.0,0.0,1.0
-1.232458926615539,1.266989801811655,0.8273772438659699,-0.19824427701513722,0,0,1.0,0.0,0.0,1.0,0.0
-1.2285710435662787,-0.7892723355548015,0.8273772438659699,-0.5079822104125026,0,1,0.0,0.0,1.0,0.0,1.0
-1.2246831605170183,-0.7892723355548015,0.8273772438659699,-0.4894421904510968,0,1,1.0,0.0,0.0,0.0,1.0
-1.220795277467758,-0.7892723355548015,0.8273772438659699,-0.5064721088735089,0,1,0.0,0.0,1.0,0.0,1.0
-1.2169073944184976,-0.7892723355548015,0.8273772438659699,-0.35646868933346404,0,1,0.0,0.0,1.0,1.0,0.0
-1.213019511369237,1.266989801811655,-0.3693648410115938,-0.12491978668775715,0,1,0.0,0.0,1.0,1.0,0.0
-1.2091316283199767,-0.7892723355548015,-0.3693648410115938,-0.3866707201133388,0,1,0.0,0.0,1.0,0.0,1.0
-1.2052437452707163,-0.7892723355548015,-0.3693648410115938,-0.3454791770670269,0,1,1.0,0.0,0.0,0.0,1.0
-1.201355862221456,1.266989801811655,-1.5661069258891576,-0.11921562980779811,0,0,0.0,0.0,1.0,1.0,0.0
-1.1974679791721956,-0.7892723355548015,-1.5661069258891576,0.4207302360686478,0,1,0.0,0.0,1.0,0.0,1.0
-1.1935800961229353,-0.7892723355548015,0.8273772438659699,-0.4628462821463391,0,1,0.0,0.0,1.0,0.0,1.0
-1.189692213073675,-0.7892723355548015,-1.5661069258891576,0.9462455716384695,0,1,1.0,0.0,0.0,0.0,1.0
-1.1858043300244145,-0.7892723355548015,0.8273772438659699,-0.3414522396297103,0,0,1.0,0.0,0.0,1.0,0.0
-1.1819164469751542,1.266989801811655,0.8273772438659699,-0.49237782784290063,0,1,0.0,0.0,1.0,1.0,0.0
-1.1780285639258938,1.266989801811655,0.8273772438659699,-0.32928686163157667,0,1,0.0,0.0,1.0,1.0,0.0
-1.1741406808766333,-0.7892723355548015,0.8273772438659699,-0.5125125150294839,0,1,0.0,1.0,0.0,0.0,1.0
-1.170252797827373,-0.7892723355548015,-0.3693648410115938,-0.41687275089321363,0,1,0.0,0.0,1.0,0.0,1.0
-1.1663649147781125,-0.7892723355548015,-0.3693648410115938,0.09152810056801232,0,0,0.0,0.0,1.0,0.0,1.0
-1.1624770317288522,1.266989801811655,0.8273772438659699,-0.49145565916975514,0,1,0.0,0.0,1.0,0.0,1.0
-1.1585891486795918,-0.7892723355548015,0.8273772438659699,0.04370821849987721,0,0,0.0,0.0,1.0,1.0,0.0
-1.1547012656303315,-0.7892723355548015,-0.3693648410115938,-0.12491978668775715,0,0,0.0,0.0,1.0,0.0,1.0
-1.1508133825810711,-0.7892723355548015,-0.3693648410115938,-0.3866707201133388,0,1,0.0,0.0,1.0,0.0,1.0
-1.1469254995318108,-0.7892723355548015,-0.3693648410115938,-0.39623469652696586,0,1,0.0,0.0,1.0,0.0,1.0
-1.1430376164825504,1.266989801811655,-1.5661069258891576,0.6925485130875209,0,1,0.0,0.0,1.0,1.0,0.0
-1.13914973343329,-0.7892723355548015,0.8273772438659699,-0.4863374216869257,0,1,0.0,0.0,1.0,0.0,1.0
-1.1352618503840297,-0.7892723355548015,0.8273772438659699,-0.35646868933346404,0,0,0.0,0.0,1.0,0.0,1.0
-1.1313739673347691,-0.7892723355548015,0.8273772438659699,-0.5011867534870308,0,1,0.0,0.0,1.0,0.0,1.0
-1.1274860842855088,-0.7892723355548015,-1.5661069258891576,0.5874293382238074,0,0,1.0,0.0,0.0,0.0,1.0
-1.1235982012362484,1.266989801811655,0.8273772438659699,-0.49271407711891657,0,1,0.0,1.0,0.0,1.0,0.0
-1.119710318186988,-0.7892723355548015,0.8273772438659699,-0.4863374216869257,0,1,0.0,0.0,1.0,0.0,1.0
-1.1158224351377277,-0.7892723355548015,0.8273772438659699,-0.47400492578514347,0,1,0.0,0.0,1.0,0.0,1.0
-1.1119345520884674,-0.7892723355548015,0.8273772438659699,0.7519458402879414,0,0,0.0,0.0,1.0,0.0,1.0
-1.108046669039207,-0.7892723355548015,0.8273772438659699,-0.32425318983493084,0,0,0.0,0.0,1.0,0.0,1.0
-1.1041587859899467,1.266989801811655,-0.3693648410115938,-0.331300330350235,0,1,0.0,0.0,1.0,1.0,0.0
-1.1002709029406863,-0.7892723355548015,0.8273772438659699,-0.4918744606632361,0,1,0.0,0.0,1.0,0.0,1.0
-1.096383019891426,-0.7892723355548015,0.8273772438659699,-0.47400492578514347,0,1,0.0,0.0,1.0,0.0,1.0
-1.0924951368421656,-0.7892723355548015,0.8273772438659699,0.1506737441786005,0,0,0.0,0.0,1.0,0.0,1.0
-1.088607253792905,1.266989801811655,0.8273772438659699,-0.2351571990343002,0,0,0.0,0.0,1.0,0.0,1.0
-1.0847193707436447,1.266989801811655,-1.5661069258891576,0.4589861417231558,0,0,0.0,0.0,1.0,1.0,0.0
-1.0808314876943843,-0.7892723355548015,0.8273772438659699,-0.08666388103324908,0,0,0.0,0.0,1.0,1.0,0.0
-1.076943604645124,-0.7892723355548015,-1.5661069258891576,-0.12642988822675086,0,1,0.0,0.0,1.0,0.0,1.0
-1.0730557215958636,-0.7892723355548015,0.8273772438659699,0.48910360681684706,0,1,0.0,0.0,1.0,0.0,1.0
-1.0691678385466032,-0.7892723355548015,-1.5661069258891576,0.026090367211616904,0,1,0.0,0.0,1.0,0.0,1.0
-1.065279955497343,-0.7892723355548015,0.8273772438659699,-0.06199888922968463,0,0,0.0,1.0,0.0,0.0,1.0
-1.0613920724480825,1.266989801811655,0.8273772438659699,-0.4242561406845337,0,0,0.0,0.0,1.0,1.0,0.0
-1.0575041893988222,-0.7892723355548015,0.8273772438659699,-0.4888542575852486,0,1,0.0,0.0,1.0,0.0,1.0
-1.0536163063495618,-0.7892723355548015,-1.5661069258891576,-0.030371322596999754,0,1,1.0,0.0,0.0,0.0,1.0
-1.0497284233003012,-0.7892723355548015,0.8273772438659699,-0.4902797934380587,0,0,0.0,0.0,1.0,0.0,1.0
-1.045840540251041,-0.7892723355548015,0.8273772438659699,-0.13565761536436197,0,0,0.0,0.0,1.0,0.0,1.0
-1.0419526572017805,-0.7892723355548015,-1.5661069258891576,-0.07030444769415023,0,1,1.0,0.0,0.0,1.0,0.0
-1.0380647741525202,-0.7892723355548015,-0.3693648410115938,-0.3866707201133388,0,1,0.0,0.0,1.0,0.0,1.0
-1.0341768911032598,-0.7892723355548015,0.8273772438659699,-0.6484216535389205,0,1,0.0,0.0,1.0,0.0,1.0
-1.0302890080539995,-0.7892723355548015,0.8273772438659699,0.7519458402879414,0,0,0.0,0.0,1.0,1.0,0.0
-1.0264011250047391,-0.7892723355548015,-0.3693648410115938,-0.34539461138084326,0,1,1.0,0.0,0.0,0.0,1.0
-1.0225132419554788,-0.7892723355548015,0.8273772438659699,-0.016444159470040135,0,0,0.0,0.0,1.0,0.0,1.0
-1.0186253589062184,1.266989801811655,-0.3693648410115938,0.13683114673782454,0,0,0.0,0.0,1.0,0.0,1.0
-1.014737475856958,1.266989801811655,0.8273772438659699,-0.20495516825442542,0,0,0.0,0.0,1.0,1.0,0.0
-1.0108495928076977,-0.7892723355548015,-1.5661069258891576,0.3583127057902398,0,1,0.0,0.0,1.0,0.0,1.0
-1.0069617097584371,1.266989801811655,0.8273772438659699,-0.3363340021468808,0,1,0.0,1.0,0.0,1.0,0.0
-1.0030738267091768,1.266989801811655,-1.5661069258891576,-0.11384570873513637,0,1,0.0,0.0,1.0,0.0,1.0
-0.9991859436599165,-0.7892723355548015,0.8273772438659699,-0.3363340021468808,0,0,0.0,1.0,0.0,0.0,1.0
-0.9952980606106561,-0.7892723355548015,0.8273772438659699,-0.4894421904510968,0,1,0.0,0.0,1.0,0.0,1.0
-0.9914101775613957,1.266989801811655,-0.3693648410115938,-0.3866707201133388,0,1,0.0,0.0,1.0,1.0,0.0
-0.9875222945121354,-0.7892723355548015,-0.3693648410115938,-0.3866707201133388,0,1,0.0,0.0,1.0,0.0,1.0
-0.983634411462875,1.266989801811655,0.8273772438659699,-0.4902797934380587,0,1,0.0,0.0,1.0,1.0,0.0
-0.9797465284136146,1.266989801811655,-0.3693648410115938,-0.12491978668775715,0,0,0.0,0.0,1.0,0.0,1.0
-0.9758586453643542,1.266989801811655,-1.5661069258891576,-0.09027201697708476,0,1,1.0,0.0,0.0,1.0,0.0
-0.9719707623150938,1.266989801811655,-1.5661069258891576,2.301728820789,0,1,1.0,0.0,0.0,1.0,0.0
-0.9680828792658335,-0.7892723355548015,0.8273772438659699,-0.49237782784290063,0,1,0.0,1.0,0.0,0.0,1.0
-0.9641949962165731,-0.7892723355548015,0.8273772438659699,-0.47920571548543794,0,0,0.0,0.0,1.0,0.0,1.0
-0.9603071131673128,1.266989801811655,0.8273772438659699,-0.49237782784290063,0,1,0.0,1.0,0.0,1.0,0.0
-0.9564192301180523,-0.7892723355548015,-0.3693648410115938,-0.3866707201133388,0,1,0.0,0.0,1.0,1.0,0.0
-0.952531347068792,-0.7892723355548015,0.8273772438659699,-0.45714212526638004,0,1,0.0,0.0,1.0,0.0,1.0
-0.9486434640195316,-0.7892723355548015,0.8273772438659699,0.7519458402879414,0,0,0.0,0.0,1.0,0.0,1.0
-0.9447555809702712,-0.7892723355548015,0.8273772438659699,-0.5176307525123133,0,1,0.0,0.0,1.0,0.0,1.0
-0.9408676979210109,-0.7892723355548015,0.8273772438659699,-0.5029485386158568,0,1,1.0,0.0,0.0,0.0,1.0
-0.9369798148717504,1.266989801811655,0.8273772438659699,-0.4863374216869257,0,1,0.0,0.0,1.0,0.0,1.0
-0.9330919318224901,-0.7892723355548015,0.8273772438659699,-0.43776248884929375,0,0,0.0,0.0,1.0,1.0,0.0
-0.9292040487732297,-0.7892723355548015,0.8273772438659699,-0.32928686163157667,0,1,0.0,0.0,1.0,0.0,1.0
-0.9253161657239694,1.266989801811655,0.8273772438659699,-0.2701412180209885,0,1,1.0,0.0,0.0,0.0,1.0
-0.921428282674709,1.266989801811655,0.8273772438659699,-0.49237782784290063,0,1,0.0,1.0,0.0,1.0,0.0
-0.9175403996254486,1.266989801811655,-1.5661069258891576,-0.024246350754841113,0,1,1.0,0.0,0.0,0.0,1.0
-0.9136525165761882,-0.7892723355548015,0.8273772438659699,-0.5064721088735089,0,1,0.0,0.0,1.0,0.0,1.0
-0.9097646335269278,1.266989801811655,-0.3693648410115938,-0.22559322262067316,0,1,0.0,0.0,1.0,1.0,0.0
-0.9058767504776675,-0.7892723355548015,0.8273772438659699,-0.5024451714361923,0,1,0.0,0.0,1.0,0.0,1.0
-0.9019888674284071,-0.7892723355548015,-0.3693648410115938,-0.3866707201133388,0,1,0.0,0.0,1.0,0.0,1.0
-0.8981009843791468,-0.7892723355548015,0.8273772438659699,-0.49237782784290063,0,1,0.0,1.0,0.0,0.0,1.0
-0.8942131013298863,1.266989801811655,-1.5661069258891576,1.6323350375212924,0,1,1.0,0.0,0.0,1.0,0.0
-0.8903252182806259,1.266989801811655,0.8273772438659699,-0.4888542575852486,0,1,0.0,0.0,1.0,1.0,0.0
-0.8864373352313656,-0.7892723355548015,-0.3693648410115938,-0.10478509950117394,0,1,0.0,0.0,1.0,0.0,1.0
-0.8825494521821052,1.266989801811655,-1.5661069258891576,0.8876878608937296,0,1,1.0,0.0,0.0,1.0,0.0
-0.8786615691328449,-0.7892723355548015,-0.3693648410115938,-0.43700743807979686,0,1,0.0,0.0,1.0,0.0,1.0
-0.8747736860835844,1.266989801811655,0.8273772438659699,-0.4863374216869257,0,1,0.0,0.0,1.0,0.0,1.0
-0.8708858030343241,-0.7892723355548015,-0.3693648410115938,-0.3866707201133388,0,1,0.0,0.0,1.0,0.0,1.0
-0.8669979199850637,-0.7892723355548015,0.8273772438659699,-0.4863374216869257,0,1,0.0,0.0,1.0,0.0,1.0
-0.8631100369358033,-0.7892723355548015,0.8273772438659699,-0.4894421904510968,0,1,0.0,0.0,1.0,0.0,1.0
-0.859222153886543,1.266989801811655,-1.5661069258891576,1.163700193253568,0,1,0.0,0.0,1.0,0.0,1.0
-0.8553342708372826,-0.7892723355548015,0.8273772438659699,-0.4601623283443675,0,1,0.0,0.0,1.0,0.0,1.0
-0.8514463877880222,1.266989801811655,-0.3693648410115938,-0.43700743807979686,0,1,0.0,0.0,1.0,0.0,1.0
-0.8475585047387618,-0.7892723355548015,0.8273772438659699,-0.5024451714361923,0,1,0.0,0.0,1.0,0.0,1.0
-0.8436706216895015,-0.7892723355548015,-0.3693648410115938,-0.3866707201133388,0,1,0.0,0.0,1.0,0.0,1.0
-0.8397827386402411,-0.7892723355548015,0.8273772438659699,-0.13565761536436197,0,0,0.0,0.0,1.0,1.0,0.0
-0.8358948555909808,1.266989801811655,-1.5661069258891576,1.0323213593611125,0,1,0.0,0.0,1.0,1.0,0.0
-0.8320069725417203,-0.7892723355548015,0.8273772438659699,-0.4918744606632361,0,1,0.0,0.0,1.0,0.0,1.0
-0.8281190894924599,-0.7892723355548015,-0.3693648410115938,-0.3766033765200472,0,1,0.0,0.0,1.0,0.0,1.0
-0.8242312064431996,1.266989801811655,0.8273772438659699,-0.016444159470040135,0,0,0.0,0.0,1.0,1.0,0.0
-0.8203433233939392,-0.7892723355548015,-0.3693648410115938,-0.43700743807979686,0,1,0.0,0.0,1.0,0.0,1.0
-0.8164554403446789,-0.7892723355548015,0.8273772438659699,-0.49640476528021726,0,1,0.0,0.0,1.0,1.0,0.0
-0.8125675572954184,-0.7892723355548015,-0.3693648410115938,-0.12491978668775715,0,1,0.0,0.0,1.0,0.0,1.0
-0.808679674246158,1.266989801811655,-0.3693648410115938,-0.11988611489111134,0,0,0.0,0.0,1.0,1.0,0.0
-0.8047917911968977,-0.7892723355548015,-0.3693648410115938,-0.43700743807979686,0,1,0.0,0.0,1.0,0.0,1.0
-0.8009039081476373,-0.7892723355548015,-0.3693648410115938,-0.4012683683236117,0,1,0.0,0.0,1.0,0.0,1.0
-0.797016025098377,-0.7892723355548015,0.8273772438659699,-0.3573908580066095,0,1,1.0,0.0,0.0,1.0,0.0
-0.7931281420491166,1.266989801811655,0.8273772438659699,-0.3363340021468808,0,1,0.0,1.0,0.0,1.0,0.0
-0.7892402589998562,-0.7892723355548015,-0.3693648410115938,-0.43700743807979686,0,1,0.0,0.0,1.0,0.0,1.0
-0.7853523759505958,-0.7892723355548015,0.8273772438659699,-0.5049620073345151,0,1,0.0,0.0,1.0,0.0,1.0
-0.7814644929013355,-0.7892723355548015,0.8273772438659699,-0.5029485386158568,0,1,1.0,0.0,0.0,0.0,1.0
-0.7775766098520751,-0.7892723355548015,-1.5661069258891576,1.163700193253568,0,0,0.0,1.0,0.0,0.0,1.0
-0.7736887268028148,-0.7892723355548015,0.8273772438659699,-0.4918744606632361,0,1,0.0,0.0,1.0,1.0,0.0
-0.7698008437535543,1.266989801811655,-0.3693648410115938,-0.35646868933346404,0,0,0.0,0.0,1.0,1.0,0.0
-0.7659129607042939,1.266989801811655,-1.5661069258891576,0.40974072380221066,0,0,0.0,0.0,1.0,0.0,1.0
-0.7620250776550336,-0.7892723355548015,-0.3693648410115938,-0.12491978668775715,0,1,0.0,0.0,1.0,0.0,1.0
-0.7581371946057732,-0.7892723355548015,0.8273772438659699,-0.5024451714361923,0,1,0.0,0.0,1.0,0.0,1.0
-0.7542493115565129,-0.7892723355548015,0.8273772438659699,-0.43776248884929375,0,0,0.0,0.0,1.0,1.0,0.0
-0.7503614285072524,-0.7892723355548015,-1.5661069258891576,-0.11384570873513637,0,1,0.0,0.0,1.0,0.0,1.0
-0.746473545457992,-0.7892723355548015,0.8273772438659699,-0.32425318983493084,0,1,0.0,0.0,1.0,0.0,1.0
-0.7425856624087317,-0.7892723355548015,0.8273772438659699,-0.2414492887801075,0,0,0.0,0.0,1.0,1.0,0.0
-0.7386977793594713,1.266989801811655,0.8273772438659699,-0.3414522396297103,0,0,1.0,0.0,0.0,1.0,0.0
-0.734809896310211,1.266989801811655,-1.5661069258891576,0.9462455716384695,0,1,1.0,0.0,0.0,1.0,0.0
-0.7309220132609505,1.266989801811655,-1.5661069258891576,1.093228788100527,0,1,0.0,0.0,1.0,1.0,0.0
-0.7270341302116902,1.266989801811655,-1.5661069258891576,9.667166525013505,0,1,1.0,0.0,0.0,1.0,0.0
-0.7231462471624298,1.266989801811655,-0.3693648410115938,-0.12491978668775715,0,0,0.0,0.0,1.0,1.0,0.0
-0.7192583641131695,-0.7892723355548015,0.8273772438659699,-0.49237782784290063,0,1,0.0,1.0,0.0,0.0,1.0
-0.7153704810639091,1.266989801811655,0.8273772438659699,-0.016444159470040135,0,0,0.0,0.0,1.0,0.0,1.0
-0.7114825980146487,-0.7892723355548015,-1.5661069258891576,0.955306180872432,0,0,0.0,0.0,1.0,0.0,1.0
-0.7075947149653883,-0.7892723355548015,-1.5661069258891576,-0.6484216535389205,0,1,0.0,0.0,1.0,0.0,1.0
-0.7037068319161279,-0.7892723355548015,0.8273772438659699,-0.49237782784290063,0,1,0.0,1.0,0.0,1.0,0.0
-0.6998189488668676,-0.7892723355548015,-0.3693648410115938,-0.43700743807979686,0,1,0.0,0.0,1.0,0.0,1.0
-0.6959310658176072,-0.7892723355548015,0.8273772438659699,0.1506737441786005,0,0,0.0,0.0,1.0,0.0,1.0
-0.6920431827683469,1.266989801811655,0.8273772438659699,-0.4918744606632361,0,1,0.0,0.0,1.0,0.0,1.0
-0.6881552997190864,1.266989801811655,-1.5661069258891576,2.441497778832105,0,0,0.0,0.0,1.0,1.0,0.0
-0.684267416669826,1.266989801811655,-1.5661069258891576,2.0825124140450755,0,1,0.0,0.0,1.0,1.0,0.0
-0.6803795336205657,-0.7892723355548015,-1.5661069258891576,-0.024246350754841113,0,1,0.0,0.0,1.0,0.0,1.0
-0.6764916505713053,1.266989801811655,0.8273772438659699,-0.6484216535389205,0,1,0.0,0.0,1.0,0.0,1.0
-0.672603767522045,1.266989801811655,-0.3693648410115938,-0.255795253400548,0,0,0.0,0.0,1.0,1.0,0.0
-0.6687158844727845,-0.7892723355548015,-1.5661069258891576,-0.05042144409739929,0,0,1.0,0.0,0.0,0.0,1.0
-0.6648280014235242,1.266989801811655,0.8273772438659699,-0.49237782784290063,0,1,0.0,1.0,0.0,1.0,0.0
-0.6609401183742638,1.266989801811655,-1.5661069258891576,0.921244330558889,0,1,0.0,0.0,1.0,1.0,0.0
-0.6570522353250035,-0.7892723355548015,0.8273772438659699,-0.49237782784290063,0,1,0.0,0.0,1.0,1.0,0.0
-0.6531643522757431,-0.7892723355548015,-0.3693648410115938,-0.6484216535389205,0,1,0.0,0.0,1.0,0.0,1.0
-0.6492764692264827,-0.7892723355548015,0.8273772438659699,-0.06199888922968463,0,0,0.0,1.0,0.0,0.0,1.0
-0.6453885861772223,1.266989801811655,0.8273772438659699,-0.24069423801061057,0,0,0.0,0.0,1.0,1.0,0.0
-0.6415007031279619,-0.7892723355548015,0.8273772438659699,-0.49237782784290063,0,1,0.0,1.0,0.0,0.0,1.0
-0.6376128200787016,-0.7892723355548015,0.8273772438659699,-0.4902797934380587,0,1,0.0,0.0,1.0,0.0,1.0
-0.6337249370294412,-0.7892723355548015,0.8273772438659699,-0.45714212526638004,0,1,0.0,0.0,1.0,0.0,1.0
-0.6298370539801809,1.266989801811655,0.8273772438659699,-0.4863374216869257,0,1,0.0,0.0,1.0,0.0,1.0
-0.6259491709309204,-0.7892723355548015,-1.5661069258891576,-0.12491978668775715,0,1,0.0,0.0,1.0,0.0,1.0
-0.62206128788166,-0.7892723355548015,0.8273772438659699,-0.47400492578514347,0,1,1.0,0.0,0.0,0.0,1.0
-0.6181734048323997,1.266989801811655,0.8273772438659699,-0.45714212526638004,0,1,0.0,0.0,1.0,0.0,1.0
-0.6142855217831393,-0.7892723355548015,0.8273772438659699,-0.4894421904510968,0,1,0.0,0.0,1.0,0.0,1.0
-0.610397638733879,1.266989801811655,-0.3693648410115938,-0.3866707201133388,0,1,0.0,0.0,1.0,0.0,1.0
-0.6065097556846185,1.266989801811655,0.8273772438659699,-0.49237782784290063,0,1,0.0,1.0,0.0,1.0,0.0
-0.6026218726353582,1.266989801811655,-1.5661069258891576,0.9391984311231651,0,1,0.0,0.0,1.0,1.0,0.0
-0.5987339895860978,1.266989801811655,-1.5661069258891576,1.1854295476653287,0,1,1.0,0.0,0.0,1.0,0.0
-0.5948461065368374,-0.7892723355548015,-0.3693648410115938,-0.3891875560116617,0,1,1.0,0.0,0.0,0.0,1.0
-0.5909582234875771,-0.7892723355548015,0.8273772438659699,-0.4702296719376591,0,1,0.0,0.0,1.0,1.0,0.0
-0.5870703404383166,-0.7892723355548015,0.8273772438659699,-0.4894421904510968,0,1,0.0,0.0,1.0,0.0,1.0
-0.5831824573890563,-0.7892723355548015,-1.5661069258891576,-0.09027201697708476,0,1,1.0,0.0,0.0,0.0,1.0
-0.5792945743397959,-0.7892723355548015,0.8273772438659699,-0.5028639729296732,0,1,1.0,0.0,0.0,0.0,1.0
-0.5754066912905356,-0.7892723355548015,-1.5661069258891576,2.4029901895877646,0,0,0.0,0.0,1.0,1.0,0.0
-0.5715188082412752,1.266989801811655,-1.5661069258891576,-0.034313694348132716,0,1,0.0,0.0,1.0,0.0,1.0
-0.5676309251920149,1.266989801811655,-1.5661069258891576,4.335332226633905,0,0,1.0,0.0,0.0,1.0,0.0
-0.5637430421427544,1.266989801811655,0.8273772438659699,-0.49237782784290063,0,1,0.0,1.0,0.0,1.0,0.0
-0.559855159093494,1.266989801811655,0.8273772438659699,-0.18029017645086096,0,0,0.0,1.0,0.0,0.0,1.0
-0.5559672760442337,-0.7892723355548015,0.8273772438659699,-0.6484216535389205,0,1,0.0,0.0,1.0,0.0,1.0
-0.5520793929949733,1.266989801811655,-0.3693648410115938,-0.3997582667846179,0,1,0.0,1.0,0.0,1.0,0.0
-0.548191509945713,-0.7892723355548015,0.8273772438659699,-0.4863374216869257,0,1,0.0,0.0,1.0,0.0,1.0
-0.5443036268964525,1.266989801811655,-1.5661069258891576,2.4029901895877646,0,0,0.0,0.0,1.0,0.0,1.0
-0.5404157438471922,1.266989801811655,-1.5661069258891576,1.5841789061771412,0,1,1.0,0.0,0.0,1.0,0.0
-0.5365278607979318,1.266989801811655,-1.5661069258891576,1.5442457810799908,0,1,1.0,0.0,0.0,1.0,0.0
-0.5326399777486714,-0.7892723355548015,-0.3693648410115938,-0.16518916106092355,0,1,1.0,0.0,0.0,0.0,1.0
-0.5287520946994111,1.266989801811655,-1.5661069258891576,0.49782998024351216,0,1,1.0,0.0,0.0,1.0,0.0
-0.5248642116501506,1.266989801811655,-1.5661069258891576,1.0259447039291216,0,1,1.0,0.0,0.0,1.0,0.0
-0.5209763286008903,1.266989801811655,-1.5661069258891576,4.634416897040849,0,0,1.0,0.0,0.0,1.0,0.0
-0.5170884455516299,-0.7892723355548015,-0.3693648410115938,-0.12491978668775715,0,0,0.0,0.0,1.0,1.0,0.0
-0.5132005625023696,-0.7892723355548015,0.8273772438659699,-0.4894421904510968,0,1,0.0,0.0,1.0,0.0,1.0
-0.5093126794531092,-0.7892723355548015,-0.3693648410115938,-0.11988611489111134,0,0,0.0,0.0,1.0,0.0,1.0
-0.5054247964038489,1.266989801811655,0.8273772438659699,-0.4902797934380587,0,1,0.0,0.0,1.0,1.0,0.0
-0.5015369133545884,1.266989801811655,-0.3693648410115938,-0.12491978668775715,0,1,0.0,0.0,1.0,1.0,0.0
-0.49764903030532803,-0.7892723355548015,-0.3693648410115938,-0.36653603292675563,0,1,0.0,0.0,1.0,0.0,1.0
-0.4937611472560677,1.266989801811655,-1.5661069258891576,2.671117778445337,0,0,0.0,0.0,1.0,1.0,0.0
-0.4898732642068073,1.266989801811655,-1.5661069258891576,2.059693773056521,0,0,1.0,0.0,0.0,1.0,0.0
-0.4859853811575469,-0.7892723355548015,0.8273772438659699,-0.5024451714361923,0,1,0.0,0.0,1.0,0.0,1.0
-0.48209749810828656,-0.7892723355548015,0.8273772438659699,-0.4894421904510968,0,1,0.0,0.0,1.0,0.0,1.0
-0.47820961505902615,1.266989801811655,-0.3693648410115938,-0.3997582667846179,0,1,0.0,1.0,0.0,1.0,0.0
-0.4743217320097658,1.266989801811655,-0.3693648410115938,-0.06451572512800753,0,0,0.0,0.0,1.0,1.0,0.0
-0.47043384896050544,-0.7892723355548015,0.8273772438659699,0.7519458402879414,0,0,0.0,0.0,1.0,0.0,1.0
-0.46654596591124503,1.266989801811655,-1.5661069258891576,2.0825124140450755,0,1,1.0,0.0,0.0,1.0,0.0
-0.4626580828619847,-0.7892723355548015,0.8273772438659699,-0.5228315422126077,0,1,0.0,0.0,1.0,0.0,1.0
-0.4587701998127243,1.266989801811655,-0.3693648410115938,-0.3866707201133388,0,1,0.0,0.0,1.0,1.0,0.0
-0.4548823167634639,1.266989801811655,0.8273772438659699,-0.2351571990343002,0,0,0.0,0.0,1.0,1.0,0.0
-0.45099443371420356,1.266989801811655,-1.5661069258891576,0.5189714017894245,0,0,1.0,0.0,0.0,1.0,0.0
-0.44710655066494315,1.266989801811655,0.8273772438659699,-0.18029017645086096,0,0,0.0,1.0,0.0,1.0,0.0
-0.4432186676156828,-0.7892723355548015,-1.5661069258891576,-0.07458306872129913,0,1,0.0,0.0,1.0,0.0,1.0
-0.43933078456642244,-0.7892723355548015,-1.5661069258891576,2.441497778832105,0,0,0.0,0.0,1.0,0.0,1.0
-0.43544290151716203,-0.7892723355548015,0.8273772438659699,-0.2859972841804228,0,0,0.0,0.0,1.0,0.0,1.0
-0.4315550184679017,1.266989801811655,-1.5661069258891576,2.042579288947925,0,1,0.0,0.0,1.0,1.0,0.0
-0.4276671354186413,-0.7892723355548015,0.8273772438659699,-0.4894421904510968,0,1,0.0,0.0,1.0,0.0,1.0
-0.4237792523693809,-0.7892723355548015,-1.5661069258891576,0.6925485130875209,0,1,0.0,0.0,1.0,0.0,1.0
-0.41989136932012056,1.266989801811655,-1.5661069258891576,2.059693773056521,0,1,1.0,0.0,0.0,1.0,0.0
-0.41600348627086015,1.266989801811655,0.8273772438659699,-0.4863374216869257,0,1,0.0,0.0,1.0,0.0,1.0
-0.4121156032215998,-0.7892723355548015,-1.5661069258891576,0.06635974158478332,0,1,0.0,0.0,1.0,0.0,1.0
-0.40822772017233944,1.266989801811655,-0.3693648410115938,-0.12491978668775715,0,0,0.0,0.0,1.0,0.0,1.0
-0.404339837123079,1.266989801811655,-1.5661069258891576,4.647001076532463,0,0,0.0,0.0,1.0,1.0,0.0
-0.4004519540738187,-0.7892723355548015,-0.3693648410115938,-0.3866707201133388,0,1,0.0,0.0,1.0,0.0,1.0
-0.3965640710245583,-0.7892723355548015,-0.3693648410115938,-0.3866707201133388,0,1,0.0,0.0,1.0,0.0,1.0
-0.3926761879752979,-0.7892723355548015,-0.3693648410115938,-0.3866707201133388,0,1,0.0,0.0,1.0,0.0,1.0
-0.38878830492603755,1.266989801811655,-0.3693648410115938,-0.3866707201133388,0,1,0.0,0.0,1.0,1.0,0.0
-0.38490042187677714,1.266989801811655,-0.3693648410115938,-0.3866707201133388,0,1,0.0,0.0,1.0,1.0,0.0
-0.3810125388275168,1.266989801811655,0.8273772438659699,-0.32425318983493084,0,1,0.0,0.0,1.0,1.0,0.0
-0.37712465577825643,1.266989801811655,0.8273772438659699,-0.32828012727224753,0,0,0.0,0.0,1.0,0.0,1.0
-0.373236772728996,-0.7892723355548015,0.8273772438659699,-0.47400492578514347,0,1,0.0,0.0,1.0,0.0,1.0
-0.36934888967973567,-0.7892723355548015,0.8273772438659699,-0.4626791642426904,0,1,0.0,0.0,1.0,0.0,1.0
-0.36546100663047526,-0.7892723355548015,-1.5661069258891576,0.05629239799149171,0,1,0.0,0.0,1.0,0.0,1.0
-0.3615731235812149,-0.7892723355548015,0.8273772438659699,-0.5028639729296732,0,0,1.0,0.0,0.0,0.0,1.0
-0.35768524053195455,-0.7892723355548015,0.8273772438659699,-0.29002422161773944,0,1,0.0,0.0,1.0,0.0,1.0
-0.35379735748269414,-0.7892723355548015,0.8273772438659699,-0.5029485386158568,0,1,1.0,0.0,0.0,0.0,1.0
-0.3499094744334338,-0.7892723355548015,0.8273772438659699,-0.45714212526638004,0,1,0.0,0.0,1.0,0.0,1.0
-0.34602159138417343,1.266989801811655,-1.5661069258891576,0.4589861417231558,0,0,0.0,0.0,1.0,1.0,0.0
-0.342133708334913,-0.7892723355548015,-0.3693648410115938,-0.3866707201133388,0,1,0.0,0.0,1.0,1.0,0.0
-0.33824582528565267,1.266989801811655,0.8273772438659699,-0.48977642625839407,0,1,0.0,1.0,0.0,1.0,0.0
-0.33435794223639226,1.266989801811655,0.8273772438659699,-0.48977642625839407,0,1,0.0,1.0,0.0,1.0,0.0
-0.3304700591871319,-0.7892723355548015,0.8273772438659699,-0.08666388103324908,0,0,0.0,0.0,1.0,0.0,1.0
-0.32658217613787155,-0.7892723355548015,-0.3693648410115938,-0.09027201697708476,0,1,1.0,0.0,0.0,0.0,1.0
-0.32269429308861114,-0.7892723355548015,0.8273772438659699,-0.3573908580066095,0,0,1.0,0.0,0.0,1.0,0.0
-0.3188064100393508,-0.7892723355548015,0.8273772438659699,-0.5064721088735089,0,1,0.0,0.0,1.0,0.0,1.0
-0.31491852699009043,-0.7892723355548015,0.8273772438659699,-0.3363340021468808,0,1,0.0,1.0,0.0,0.0,1.0
-0.31103064394083,-0.7892723355548015,0.8273772438659699,-0.5024451714361923,0,1,0.0,0.0,1.0,0.0,1.0
-0.30714276089156967,1.266989801811655,-1.5661069258891576,0.8667135572514657,0,1,1.0,0.0,0.0,1.0,0.0
-0.30325487784230926,1.266989801811655,0.8273772438659699,-0.5028639729296732,0,1,1.0,0.0,0.0,1.0,0.0
-0.2993669947930489,1.266989801811655,0.8273772438659699,-0.49237782784290063,0,1,0.0,1.0,0.0,1.0,0.0
-0.29547911174378855,1.266989801811655,-1.5661069258891576,0.7469121684912956,0,1,1.0,0.0,0.0,1.0,0.0
-0.29159122869452814,1.266989801811655,-1.5661069258891576,0.4678796330534696,0,1,1.0,0.0,0.0,0.0,1.0
-0.2877033456452678,-0.7892723355548015,0.8273772438659699,-0.5176307525123133,0,1,0.0,0.0,1.0,0.0,1.0
-0.28381546259600743,-0.7892723355548015,0.8273772438659699,-0.4863374216869257,0,1,0.0,0.0,1.0,0.0,1.0
-0.279927579546747,-0.7892723355548015,-1.5661069258891576,2.0825124140450755,0,1,1.0,0.0,0.0,0.0,1.0
-0.27603969649748666,-0.7892723355548015,0.8273772438659699,-0.22408312108167944,0,0,0.0,0.0,1.0,1.0,0.0
-0.27215181344822625,1.266989801811655,-1.5661069258891576,1.0060617003323709,0,1,1.0,0.0,0.0,1.0,0.0
-0.2682639303989659,1.266989801811655,0.8273772438659699,-0.5024451714361923,0,1,0.0,0.0,1.0,1.0,0.0
-0.26437604734970555,-0.7892723355548015,-1.5661069258891576,3.610064686423428,0,0,1.0,0.0,0.0,0.0,1.0
-0.26048816430044514,-0.7892723355548015,0.8273772438659699,-0.5676312212027554,0,1,1.0,0.0,0.0,0.0,1.0
-0.2566002812511848,-0.7892723355548015,0.8273772438659699,-0.4918744606632361,0,1,0.0,0.0,1.0,0.0,1.0
-0.2527123982019244,1.266989801811655,-1.5661069258891576,3.9327230485884233,0,1,1.0,0.0,0.0,1.0,0.0
-0.24882451515266402,1.266989801811655,0.8273772438659699,-0.33146744825388363,0,0,1.0,0.0,0.0,1.0,0.0
-0.24493663210340366,-0.7892723355548015,0.8273772438659699,-0.4888542575852486,0,1,0.0,0.0,1.0,0.0,1.0
-0.24104874905414328,1.266989801811655,-1.5661069258891576,0.39858208016340624,0,1,0.0,0.0,1.0,1.0,0.0
-0.2371608660048829,-0.7892723355548015,0.8273772438659699,-0.4894421904510968,0,1,0.0,0.0,1.0,0.0,1.0
-0.23327298295562252,-0.7892723355548015,-0.3693648410115938,0.8314778546749452,0,1,0.0,0.0,1.0,0.0,1.0
-0.22938509990636216,-0.7892723355548015,0.8273772438659699,0.2958951755118318,0,0,0.0,0.0,1.0,0.0,1.0
-0.22549721685710178,1.266989801811655,-0.3693648410115938,-0.3866707201133388,0,1,0.0,0.0,1.0,1.0,0.0
-0.2216093338078414,-0.7892723355548015,0.8273772438659699,-0.49279662933638163,0,1,0.0,1.0,0.0,0.0,1.0
-0.21772145075858101,1.266989801811655,-0.3693648410115938,-0.40680540729992204,0,1,1.0,0.0,0.0,1.0,0.0
-0.21383356770932066,1.266989801811655,-1.5661069258891576,1.7677408088510642,0,0,0.0,0.0,1.0,0.0,1.0
-0.20994568466006028,1.266989801811655,0.8273772438659699,-0.49145565916975514,0,1,0.0,0.0,1.0,0.0,1.0
-0.2060578016107999,-0.7892723355548015,0.8273772438659699,-0.4888542575852486,0,0,0.0,0.0,1.0,0.0,1.0
-0.2021699185615395,1.266989801811655,-1.5661069258891576,1.6323350375212924,0,1,1.0,0.0,0.0,1.0,0.0
-0.19828203551227916,1.266989801811655,0.8273772438659699,-0.312172377522981,0,0,0.0,0.0,1.0,1.0,0.0
-0.19439415246301878,-0.7892723355548015,0.8273772438659699,-0.49145565916975514,0,1,0.0,0.0,1.0,0.0,1.0
-0.1905062694137584,-0.7892723355548015,0.8273772438659699,-0.4902797934380587,0,1,0.0,0.0,1.0,1.0,0.0
-0.186618386364498,-0.7892723355548015,-0.3693648410115938,-0.12491978668775715,0,1,0.0,0.0,1.0,0.0,1.0
-0.18273050331523763,-0.7892723355548015,-0.3693648410115938,-0.43700743807979686,0,1,0.0,0.0,1.0,0.0,1.0
-0.17884262026597728,1.266989801811655,-0.3693648410115938,-0.393717860628643,0,1,0.0,0.0,1.0,1.0,0.0
-0.1749547372167169,1.266989801811655,0.8273772438659699,-0.4888542575852486,0,1,0.0,0.0,1.0,0.0,1.0
-0.1710668541674565,-0.7892723355548015,0.8273772438659699,-0.4863374216869257,0,1,0.0,0.0,1.0,0.0,1.0
-0.16717897111819613,-0.7892723355548015,0.8273772438659699,-0.4505983519307405,0,1,0.0,0.0,1.0,1.0,0.0
-0.16329108806893577,-0.7892723355548015,0.8273772438659699,-0.32928686163157667,0,1,0.0,0.0,1.0,0.0,1.0
-0.1594032050196754,-0.7892723355548015,0.8273772438659699,-0.47400492578514347,0,1,0.0,0.0,1.0,1.0,0.0
-0.155515321970415,-0.7892723355548015,-0.3693648410115938,-0.22559322262067316,0,1,0.0,0.0,1.0,0.0,1.0
-0.15162743892115463,-0.7892723355548015,0.8273772438659699,-0.49237782784290063,0,1,0.0,0.0,1.0,0.0,1.0
-0.14773955587189427,1.266989801811655,-0.3693648410115938,-0.2708962687904854,0,0,0.0,0.0,1.0,0.0,1.0
-0.1438516728226339,-0.7892723355548015,0.8273772438659699,-0.4918744606632361,0,1,0.0,0.0,1.0,0.0,1.0
-0.1399637897733735,-0.7892723355548015,0.8273772438659699,-0.13565761536436197,0,0,0.0,0.0,1.0,1.0,0.0
-0.13607590672411313,-0.7892723355548015,0.8273772438659699,-0.4894421904510968,0,1,0.0,0.0,1.0,0.0,1.0
-0.13218802367485277,-0.7892723355548015,0.8273772438659699,-0.5103319284071769,0,1,0.0,1.0,0.0,0.0,1.0
-0.1283001406255924,1.266989801811655,-1.5661069258891576,1.163700193253568,0,1,0.0,1.0,0.0,1.0,0.0
-0.12441225757633201,-0.7892723355548015,-0.3693648410115938,-0.6484216535389205,0,1,0.0,0.0,1.0,0.0,1.0
-0.12052437452707164,1.266989801811655,0.8273772438659699,-0.4888542575852486,0,1,0.0,0.0,1.0,0.0,1.0
-0.11663649147781126,-0.7892723355548015,0.8273772438659699,-0.4863374216869257,0,1,0.0,0.0,1.0,1.0,0.0
-0.11274860842855089,1.266989801811655,-0.3693648410115938,0.005955680025033696,0,0,0.0,0.0,1.0,1.0,0.0
-0.10886072537929051,1.266989801811655,-0.3693648410115938,-0.3866707201133388,0,0,0.0,0.0,1.0,1.0,0.0
-0.10497284233003014,-0.7892723355548015,-0.3693648410115938,-0.3866707201133388,0,1,0.0,0.0,1.0,0.0,1.0
-0.10108495928076976,-0.7892723355548015,0.8273772438659699,-0.1621689579829361,0,0,0.0,0.0,1.0,1.0,0.0
-0.09719707623150939,-0.7892723355548015,0.8273772438659699,-0.4894421904510968,0,1,1.0,0.0,0.0,0.0,1.0
-0.093309193182249,-0.7892723355548015,0.8273772438659699,-0.49271407711891657,0,1,0.0,1.0,0.0,0.0,1.0
-0.08942131013298864,-0.7892723355548015,0.8273772438659699,-0.4898609919445778,0,1,0.0,0.0,1.0,0.0,1.0
-0.08553342708372826,-0.7892723355548015,0.8273772438659699,-0.35848215805212236,0,0,0.0,0.0,1.0,1.0,0.0
-0.08164554403446789,-0.7892723355548015,0.8273772438659699,-0.2414492887801075,0,0,0.0,0.0,1.0,0.0,1.0
-0.0777576609852075,-0.7892723355548015,0.8273772438659699,-0.5024451714361923,0,1,0.0,0.0,1.0,0.0,1.0
-0.07386977793594714,1.266989801811655,-0.3693648410115938,-0.12491978668775715,0,1,0.0,0.0,1.0,1.0,0.0
-0.06998189488668675,1.266989801811655,-0.3693648410115938,-0.12491978668775715,0,1,0.0,0.0,1.0,1.0,0.0
-0.06609401183742639,-0.7892723355548015,0.8273772438659699,-0.49237782784290063,0,1,0.0,1.0,0.0,0.0,1.0
-0.062206128788166004,1.266989801811655,0.8273772438659699,-0.4863374216869257,0,1,0.0,0.0,1.0,0.0,1.0
-0.05831824573890563,1.266989801811655,-1.5661069258891576,-0.11384570873513637,0,1,0.0,0.0,1.0,0.0,1.0
-0.054430362689645254,1.266989801811655,0.8273772438659699,-0.32425318983493084,0,1,0.0,0.0,1.0,1.0,0.0
-0.05054247964038488,1.266989801811655,-0.3693648410115938,-0.12491978668775715,0,1,0.0,0.0,1.0,1.0,0.0
-0.0466545965911245,-0.7892723355548015,0.8273772438659699,-0.5049620073345151,0,1,0.0,0.0,1.0,0.0,1.0
-0.04276671354186413,-0.7892723355548015,-1.5661069258891576,0.4771073601910807,0,1,0.0,0.0,1.0,0.0,1.0
-0.03887883049260375,1.266989801811655,-1.5661069258891576,1.7677408088510642,0,0,0.0,0.0,1.0,1.0,0.0
-0.03499094744334338,-0.7892723355548015,0.8273772438659699,0.04370821849987721,0,0,0.0,0.0,1.0,1.0,0.0
-0.031103064394083002,1.266989801811655,-0.3693648410115938,-0.2708962687904854,0,0,0.0,0.0,1.0,1.0,0.0
-0.027215181344822627,-0.7892723355548015,-1.5661069258891576,4.647001076532463,0,0,0.0,0.0,1.0,0.0,1.0
-0.02332729829556225,-0.7892723355548015,-0.3693648410115938,-0.43700743807979686,0,1,0.0,0.0,1.0,0.0,1.0
-0.019439415246301876,1.266989801811655,-0.3693648410115938,-0.11988611489111134,0,0,0.0,0.0,1.0,1.0,0.0
-0.015551532197041501,-0.7892723355548015,0.8273772438659699,-0.45714212526638004,0,1,0.0,0.0,1.0,0.0,1.0
-0.011663649147781126,-0.7892723355548015,0.8273772438659699,-0.4918744606632361,0,1,0.0,0.0,1.0,0.0,1.0
-0.0077757660985207505,1.266989801811655,-0.3693648410115938,-0.3866707201133388,0,1,0.0,0.0,1.0,1.0,0.0
-0.0038878830492603753,1.266989801811655,0.8273772438659699,-0.48507900373776425,0,1,0.0,0.0,1.0,0.0,1.0
0.0,1.266989801811655,-1.5661069258891576,0.9997696105865636,0,0,0.0,0.0,1.0,0.0,1.0
0.0038878830492603753,1.266989801811655,-0.3693648410115938,-0.255795253400548,0,0,0.0,0.0,1.0,1.0,0.0
0.0077757660985207505,1.266989801811655,-1.5661069258891576,-0.11384570873513637,0,1,0.0,0.0,1.0,0.0,1.0
0.011663649147781126,1.266989801811655,0.8273772438659699,-0.26066180729354516,0,0,1.0,0.0,0.0,1.0,0.0
0.015551532197041501,1.266989801811655,-1.5661069258891576,-0.034313694348132716,0,1,0.0,0.0,1.0,0.0,1.0
0.019439415246301876,-0.7892723355548015,-0.3693648410115938,-0.08968408411123653,0,0,0.0,0.0,1.0,0.0,1.0
0.02332729829556225,-0.7892723355548015,0.8273772438659699,-0.2463983948905696,0,1,0.0,0.0,1.0,0.0,1.0
0.027215181344822627,-0.7892723355548015,-1.5661069258891576,-0.08968408411123653,0,1,1.0,0.0,0.0,0.0,1.0
0.031103064394083002,1.266989801811655,-1.5661069258891576,1.145663540471827,0,1,1.0,0.0,0.0,0.0,1.0
0.03499094744334338,-0.7892723355548015,0.8273772438659699,-0.4863374216869257,0,1,0.0,0.0,1.0,0.0,1.0
0.03887883049260375,1.266989801811655,0.8273772438659699,-0.4894421904510968,0,1,1.0,0.0,0.0,0.0,1.0
0.04276671354186413,-0.7892723355548015,-1.5661069258891576,-0.11384570873513637,0,1,0.0,0.0,1.0,0.0,1.0
0.0466545965911245,1.266989801811655,-1.5661069258891576,0.395813560675251,0,1,0.0,0.0,1.0,1.0,0.0
0.05054247964038488,1.266989801811655,-0.3693648410115938,-0.43700743807979686,0,1,0.0,0.0,1.0,1.0,0.0
0.054430362689645254,-0.7892723355548015,0.8273772438659699,-0.49237782784290063,0,1,0.0,1.0,0.0,0.0,1.0
0.05831824573890563,1.266989801811655,-1.5661069258891576,-0.11384570873513637,0,1,0.0,0.0,1.0,0.0,1.0
0.062206128788166004,-0.7892723355548015,0.8273772438659699,-0.4863374216869257,0,1,0.0,0.0,1.0,0.0,1.0
0.06609401183742639,-0.7892723355548015,-1.5661069258891576,0.12676380314453292,0,1,0.0,0.0,1.0,0.0,1.0
0.06998189488668675,-0.7892723355548015,-0.3693648410115938,-0.3866707201133388,0,1,0.0,0.0,1.0,0.0,1.0
0.07386977793594714,-0.7892723355548015,0.8273772438659699,-0.4863374216869257,0,1,0.0,0.0,1.0,0.0,1.0
0.0777576609852075,-0.7892723355548015,0.8273772438659699,-0.5064721088735089,0,1,0.0,0.0,1.0,0.0,1.0
0.08164554403446789,-0.7892723355548015,-0.3693648410115938,-0.6484216535389205,0,1,0.0,0.0,1.0,0.0,1.0
0.08553342708372826,-0.7892723355548015,-1.5661069258891576,-0.11384570873513637,0,1,0.0,0.0,1.0,0.0,1.0
0.08942131013298864,-0.7892723355548015,0.8273772438659699,-0.4928811950225652,0,1,0.0,1.0,0.0,0.0,1.0
0.093309193182249,1.266989801811655,0.8273772438659699,-0.26066180729354516,0,0,1.0,0.0,0.0,1.0,0.0
0.09719707623150939,-0.7892723355548015,0.8273772438659699,-0.5024451714361923,0,1,0.0,0.0,1.0,0.0,1.0
0.10108495928076976,-0.7892723355548015,0.8273772438659699,-0.47400492578514347,0,1,0.0,0.0,1.0,0.0,1.0
0.10497284233003014,1.266989801811655,-0.3693648410115938,-0.08968408411123653,0,0,0.0,0.0,1.0,1.0,0.0
0.10886072537929051,1.266989801811655,-0.3693648410115938,-0.3707300882677209,0,1,1.0,0.0,0.0,1.0,0.0
0.11274860842855089,-0.7892723355548015,0.8273772438659699,-0.45034666834090825,0,1,0.0,0.0,1.0,1.0,0.0
0.11663649147781126,-0.7892723355548015,-1.5661069258891576,0.39858208016340624,0,1,0.0,0.0,1.0,0.0,1.0
0.12052437452707164,-0.7892723355548015,-0.3693648410115938,-0.22559322262067316,0,1,0.0,0.0,1.0,0.0,1.0
0.12441225757633201,-0.7892723355548015,0.8273772438659699,-0.5065566745596926,0,1,0.0,0.0,1.0,0.0,1.0
0.1283001406255924,-0.7892723355548015,0.8273772438659699,-0.4969926981460655,0,1,0.0,0.0,1.0,0.0,1.0
0.13218802367485277,1.266989801811655,0.8273772438659699,-0.4010166847337793,0,0,0.0,0.0,1.0,1.0,0.0
0.13607590672411313,-0.7892723355548015,0.8273772438659699,0.2958951755118318,0,0,0.0,0.0,1.0,0.0,1.0
0.1399637897733735,-0.7892723355548015,-0.3693648410115938,-0.6484216535389205,0,1,0.0,0.0,1.0,0.0,1.0
0.1438516728226339,-0.7892723355548015,0.8273772438659699,-0.4863374216869257,0,1,0.0,0.0,1.0,0.0,1.0
0.14773955587189427,1.266989801811655,0.8273772438659699,-0.455380340137554,0,1,0.0,0.0,1.0,1.0,0.0
0.15162743892115463,1.266989801811655,-1.5661069258891576,1.1854295476653287,0,1,1.0,0.0,0.0,0.0,1.0
0.155515321970415,-0.7892723355548015,0.8273772438659699,-0.13565761536436197,0,0,0.0,0.0,1.0,1.0,0.0
0.1594032050196754,1.266989801811655,-1.5661069258891576,1.163700193253568,0,1,0.0,0.0,1.0,1.0,0.0
0.16329108806893577,-0.7892723355548015,-1.5661069258891576,-0.05042144409739929,0,1,1.0,0.0,0.0,0.0,1.0
0.16717897111819613,-0.7892723355548015,0.8273772438659699,-0.4863374216869257,0,1,0.0,0.0,1.0,0.0,1.0
0.1710668541674565,1.266989801811655,0.8273772438659699,-0.32828012727224753,0,0,0.0,0.0,1.0,0.0,1.0
0.1749547372167169,-0.7892723355548015,0.8273772438659699,-0.2463983948905696,0,1,0.0,0.0,1.0,0.0,1.0
0.17884262026597728,-0.7892723355548015,0.8273772438659699,-0.5024451714361923,0,1,0.0,0.0,1.0,0.0,1.0
0.18273050331523763,-0.7892723355548015,-1.5661069258891576,-0.034313694348132716,0,1,0.0,0.0,1.0,0.0,1.0
0.186618386364498,-0.7892723355548015,-1.5661069258891576,0.3483299278831318,0,1,1.0,0.0,0.0,0.0,1.0
0.1905062694137584,-0.7892723355548015,0.8273772438659699,-0.4863374216869257,0,1,0.0,0.0,1.0,0.0,1.0
0.19439415246301878,-0.7892723355548015,0.8273772438659699,-0.3573083057891445,0,1,1.0,0.0,0.0,0.0,1.0
0.19828203551227916,1.266989801811655,-1.5661069258891576,0.9274538680872313,0,1,1.0,0.0,0.0,1.0,0.0
0.2021699185615395,-0.7892723355548015,0.8273772438659699,-0.3443878770215141,0,1,0.0,0.0,1.0,0.0,1.0
0.2060578016107999,-0.7892723355548015,-1.5661069258891576,2.4029901895877646,0,0,0.0,0.0,1.0,1.0,0.0
0.20994568466006028,-0.7892723355548015,0.8273772438659699,-0.49145565916975514,0,1,0.0,0.0,1.0,0.0,1.0
0.21383356770932066,-0.7892723355548015,0.8273772438659699,-0.47400492578514347,0,1,0.0,0.0,1.0,0.0,1.0
0.21772145075858101,-0.7892723355548015,0.8273772438659699,-0.49237782784290063,0,1,0.0,1.0,0.0,1.0,0.0
0.2216093338078414,-0.7892723355548015,0.8273772438659699,-0.4948100980550399,0,1,0.0,1.0,0.0,1.0,0.0
0.22549721685710178,-0.7892723355548015,0.8273772438659699,-0.455380340137554,0,1,0.0,0.0,1.0,1.0,0.0
0.22938509990636216,1.266989801811655,-1.5661069258891576,1.093228788100527,0,1,0.0,0.0,1.0,1.0,0.0
0.23327298295562252,-0.7892723355548015,-1.5661069258891576,1.5442457810799908,0,1,1.0,0.0,0.0,0.0,1.0
0.2371608660048829,1.266989801811655,-0.3693648410115938,-0.12491978668775715,0,0,0.0,0.0,1.0,1.0,0.0
0.24104874905414328,1.266989801811655,-1.5661069258891576,-0.11384570873513637,0,1,0.0,0.0,1.0,0.0,1.0
0.24493663210340366,-0.7892723355548015,0.8273772438659699,-0.1948878246611338,0,1,0.0,0.0,1.0,0.0,1.0
0.24882451515266402,1.266989801811655,0.8273772438659699,0.48910360681684706,0,1,0.0,0.0,1.0,0.0,1.0
0.2527123982019244,1.266989801811655,0.8273772438659699,-0.49237782784290063,0,1,0.0,1.0,0.0,0.0,1.0
0.2566002812511848,-0.7892723355548015,0.8273772438659699,-0.4863374216869257,0,1,0.0,0.0,1.0,0.0,1.0
0.26048816430044514,1.266989801811655,-1.5661069258891576,-0.11913106412161445,0,1,0.0,0.0,1.0,0.0,1.0
0.26437604734970555,1.266989801811655,-1.5661069258891576,0.5475787653441219,0,1,1.0,0.0,0.0,1.0,0.0
0.2682639303989659,-0.7892723355548015,0.8273772438659699,-0.4974960653257301,0,1,0.0,0.0,1.0,0.0,1.0
0.27215181344822625,-0.7892723355548015,-1.5661069258891576,0.036576512298389464,0,1,0.0,0.0,1.0,0.0,1.0
0.27603969649748666,1.266989801811655,-0.3693648410115938,-0.43700743807979686,0,1,0.0,0.0,1.0,1.0,0.0
0.279927579546747,-0.7892723355548015,0.8273772438659699,-0.1621689579829361,0,1,0.0,1.0,0.0,0.0,1.0
0.28381546259600743,1.266989801811655,-0.3693648410115938,-0.12491978668775715,0,1,0.0,0.0,1.0,1.0,0.0
0.2877033456452678,-0.7892723355548015,0.8273772438659699,-0.4894421904510968,0,1,0.0,0.0,1.0,0.0,1.0
0.29159122869452814,1.266989801811655,-1.5661069258891576,1.2341715984066093,0,1,0.0,0.0,1.0,1.0,0.0
0.29547911174378855,-0.7892723355548015,0.8273772438659699,-0.4894421904510968,0,1,0.0,0.0,1.0,0.0,1.0
0.2993669947930489,-0.7892723355548015,0.8273772438659699,-0.5029485386158568,0,1,1.0,0.0,0.0,0.0,1.0
0.30325487784230926,1.266989801811655,-1.5661069258891576,0.5189714017894245,0,0,1.0,0.0,0.0,1.0,0.0
0.30714276089156967,-0.7892723355548015,0.8273772438659699,-0.5028639729296732,0,1,1.0,0.0,0.0,0.0,1.0
0.31103064394083,-0.7892723355548015,0.8273772438659699,-0.49237782784290063,0,1,0.0,1.0,0.0,0.0,1.0
0.31491852699009043,1.266989801811655,-0.3693648410115938,-0.43700743807979686,0,1,0.0,0.0,1.0,1.0,0.0
0.3188064100393508,-0.7892723355548015,-1.5661069258891576,3.817033162951754,0,1,0.0,0.0,1.0,0.0,1.0
0.32269429308861114,-0.7892723355548015,0.8273772438659699,-0.4888542575852486,0,1,0.0,0.0,1.0,0.0,1.0
0.32658217613787155,-0.7892723355548015,-0.3693648410115938,-0.41687275089321363,0,0,0.0,0.0,1.0,0.0,1.0
0.3304700591871319,1.266989801811655,-0.3693648410115938,-0.12491978668775715,0,0,0.0,0.0,1.0,1.0,0.0
0.33435794223639226,-0.7892723355548015,0.8273772438659699,-0.5028639729296732,0,1,1.0,0.0,0.0,0.0,1.0
0.33824582528565267,-0.7892723355548015,0.8273772438659699,-0.5028639729296732,0,0,1.0,0.0,0.0,0.0,1.0
0.342133708334913,1.266989801811655,0.8273772438659699,-0.19824427701513722,0,0,1.0,0.0,0.0,1.0,0.0
0.34602159138417343,-0.7892723355548015,0.8273772438659699,-0.47400492578514347,0,1,0.0,0.0,1.0,1.0,0.0
0.3499094744334338,1.266989801811655,-0.3693648410115938,-0.11988611489111134,0,0,0.0,0.0,1.0,1.0,0.0
0.35379735748269414,-0.7892723355548015,-1.5661069258891576,-0.11384570873513637,0,1,0.0,0.0,1.0,0.0,1.0
0.35768524053195455,1.266989801811655,-1.5661069258891576,1.4944124302931971,0,1,1.0,0.0,0.0,1.0,0.0
0.3615731235812149,-0.7892723355548015,0.8273772438659699,-0.35646868933346404,0,1,0.0,0.0,1.0,0.0,1.0
0.36546100663047526,1.266989801811655,-1.5661069258891576,0.3482453621969482,0,0,1.0,0.0,0.0,1.0,0.0
0.36934888967973567,1.266989801811655,-1.5661069258891576,0.7811411367084872,0,0,0.0,0.0,1.0,1.0,0.0
0.373236772728996,-0.7892723355548015,0.8273772438659699,-0.01870931177853076,0,0,0.0,0.0,1.0,1.0,0.0
0.37712465577825643,-0.7892723355548015,0.8273772438659699,-0.01870931177853076,0,0,0.0,0.0,1.0,1.0,0.0
0.3810125388275168,1.266989801811655,-0.3693648410115938,-0.12491978668775715,0,1,0.0,0.0,1.0,0.0,1.0
0.38490042187677714,-0.7892723355548015,-1.5661069258891576,1.4944124302931971,0,1,1.0,0.0,0.0,0.0,1.0
0.38878830492603755,-0.7892723355548015,-1.5661069258891576,-0.12491978668775715,0,1,0.0,0.0,1.0,0.0,1.0
0.3926761879752979,1.266989801811655,-0.3693648410115938,-0.12491978668775715,0,1,0.0,0.0,1.0,1.0,0.0
0.3965640710245583,1.266989801811655,-0.3693648410115938,-0.3693045524149108,0,1,1.0,0.0,0.0,0.0,1.0
0.4004519540738187,-0.7892723355548015,0.8273772438659699,-0.2351571990343002,0,0,0.0,0.0,1.0,0.0,1.0
0.404339837123079,1.266989801811655,-0.3693648410115938,0.09152810056801232,0,0,0.0,0.0,1.0,0.0,1.0
0.40822772017233944,1.266989801811655,-1.5661069258891576,1.5841789061771412,0,0,1.0,0.0,0.0,0.0,1.0
0.4121156032215998,-0.7892723355548015,-0.3693648410115938,-0.12491978668775715,0,1,0.0,0.0,1.0,0.0,1.0
0.41600348627086015,-0.7892723355548015,0.8273772438659699,-0.49078316061772326,0,1,0.0,1.0,0.0,0.0,1.0
0.41989136932012056,1.266989801811655,0.8273772438659699,-0.5029485386158568,0,1,1.0,0.0,0.0,0.0,1.0
0.4237792523693809,1.266989801811655,0.8273772438659699,-0.4918744606632361,0,1,0.0,0.0,1.0,1.0,0.0
0.4276671354186413,-0.7892723355548015,-1.5661069258891576,-0.11384570873513637,0,1,0.0,0.0,1.0,0.0,1.0
0.4315550184679017,1.266989801811655,-1.5661069258891576,0.1489119590497745,0,1,1.0,0.0,0.0,1.0,0.0
0.43544290151716203,-0.7892723355548015,-1.5661069258891576,3.9327230485884233,0,1,1.0,0.0,0.0,0.0,1.0
0.43933078456642244,1.266989801811655,-1.5661069258891576,0.955306180872432,0,0,0.0,0.0,1.0,1.0,0.0
0.4432186676156828,1.266989801811655,0.8273772438659699,-0.29807809649237277,0,1,0.0,0.0,1.0,1.0,0.0
0.44710655066494315,-0.7892723355548015,0.8273772438659699,-0.49237782784290063,0,1,0.0,1.0,0.0,0.0,1.0
0.45099443371420356,-0.7892723355548015,0.8273772438659699,-0.4894421904510968,0,1,0.0,0.0,1.0,0.0,1.0
0.4548823167634639,-0.7892723355548015,-0.3693648410115938,-0.3766033765200472,0,1,0.0,0.0,1.0,0.0,1.0
0.4587701998127243,-0.7892723355548015,0.8273772438659699,-0.4863374216869257,0,1,0.0,0.0,1.0,0.0,1.0
0.4626580828619847,-0.7892723355548015,0.8273772438659699,-0.4863374216869257,0,1,0.0,0.0,1.0,1.0,0.0
0.46654596591124503,-0.7892723355548015,0.8273772438659699,-0.1621689579829361,0,0,0.0,0.0,1.0,0.0,1.0
0.47043384896050544,-0.7892723355548015,0.8273772438659699,-0.4894421904510968,0,1,0.0,0.0,1.0,0.0,1.0
0.4743217320097658,-0.7892723355548015,0.8273772438659699,-0.22408312108167944,0,0,0.0,0.0,1.0,1.0,0.0
0.47820961505902615,-0.7892723355548015,0.8273772438659699,-0.5028639729296732,0,1,1.0,0.0,0.0,0.0,1.0
0.48209749810828656,1.266989801811655,0.8273772438659699,-0.4902797934380587,0,1,0.0,0.0,1.0,0.0,1.0
0.4859853811575469,1.266989801811655,-0.3693648410115938,-0.43700743807979686,0,1,0.0,0.0,1.0,0.0,1.0
0.4898732642068073,1.266989801811655,-1.5661069258891576,0.38809593507663365,0,0,0.0,0.0,1.0,1.0,0.0
0.4937611472560677,1.266989801811655,-1.5661069258891576,-0.11711759540295616,0,1,0.0,0.0,1.0,0.0,1.0
0.49764903030532803,1.266989801811655,0.8273772438659699,-0.49237782784290063,0,1,0.0,1.0,0.0,1.0,0.0
0.5015369133545884,-0.7892723355548015,0.8273772438659699,-0.4863374216869257,0,1,0.0,0.0,1.0,0.0,1.0
0.5054247964038489,-0.7892723355548015,0.8273772438659699,-0.35646868933346404,0,1,0.0,0.0,1.0,0.0,1.0
0.5093126794531092,1.266989801811655,-0.3693648410115938,-0.3866707201133388,0,1,0.0,0.0,1.0,1.0,0.0
0.5132005625023696,1.266989801811655,-1.5661069258891576,0.4771073601910807,0,1,0.0,0.0,1.0,1.0,0.0
0.5170884455516299,-0.7892723355548015,0.8273772438659699,-0.3573083057891445,0,1,1.0,0.0,0.0,1.0,0.0
0.5209763286008903,1.266989801811655,0.8273772438659699,-0.4888542575852486,0,1,0.0,0.0,1.0,0.0,1.0
0.5248642116501506,1.266989801811655,-0.3693648410115938,-0.04438103794142432,0,0,0.0,0.0,1.0,1.0,0.0
0.5287520946994111,1.266989801811655,-1.5661069258891576,1.5841789061771412,0,0,1.0,0.0,0.0,1.0,0.0
0.5326399777486714,-0.7892723355548015,-0.3693648410115938,-0.12491978668775715,0,1,0.0,0.0,1.0,0.0,1.0
0.5365278607979318,-0.7892723355548015,-1.5661069258891576,0.15948266982273065,0,1,1.0,0.0,0.0,0.0,1.0
0.5404157438471922,-0.7892723355548015,0.8273772438659699,-0.47299819142581434,0,1,1.0,0.0,0.0,0.0,1.0
0.5443036268964525,1.266989801811655,-1.5661069258891576,0.955306180872432,0,0,0.0,0.0,1.0,1.0,0.0
0.548191509945713,-0.7892723355548015,-0.3693648410115938,-0.3464013457401724,0,1,0.0,0.0,1.0,0.0,1.0
0.5520793929949733,1.266989801811655,-1.5661069258891576,0.9462455716384695,0,0,1.0,0.0,0.0,0.0,1.0
0.5559672760442337,-0.7892723355548015,0.8273772438659699,-0.4863374216869257,0,1,0.0,0.0,1.0,0.0,1.0
0.559855159093494,-0.7892723355548015,0.8273772438659699,-0.4863374216869257,0,1,0.0,0.0,1.0,0.0,1.0
0.5637430421427544,-0.7892723355548015,0.8273772438659699,-0.5049620073345151,0,1,0.0,0.0,1.0,0.0,1.0
0.5676309251920149,1.266989801811655,-1.5661069258891576,0.9274538680872313,0,1,1.0,0.0,0.0,1.0,0.0
0.5715188082412752,-0.7892723355548015,0.8273772438659699,-0.5024451714361923,0,1,0.0,0.0,1.0,0.0,1.0
0.5754066912905356,-0.7892723355548015,0.8273772438659699,-0.49237782784290063,0,0,0.0,1.0,0.0,1.0,0.0
0.5792945743397959,-0.7892723355548015,-0.3693648410115938,-0.12491978668775715,0,1,0.0,0.0,1.0,0.0,1.0
0.5831824573890563,-0.7892723355548015,0.8273772438659699,-0.1621689579829361,0,0,0.0,0.0,1.0,0.0,1.0
0.5870703404383166,1.266989801811655,-0.3693648410115938,0.016023023618325298,0,1,0.0,0.0,1.0,1.0,0.0
0.5909582234875771,-0.7892723355548015,0.8273772438659699,-0.6484216535389205,0,1,0.0,0.0,1.0,0.0,1.0
0.5948461065368374,-0.7892723355548015,0.8273772438659699,-0.5029485386158568,0,1,1.0,0.0,0.0,0.0,1.0
0.5987339895860978,1.266989801811655,-1.5661069258891576,0.49782998024351216,0,1,1.0,0.0,0.0,0.0,1.0
0.6026218726353582,1.266989801811655,-0.3693648410115938,-0.10478509950117394,0,0,0.0,0.0,1.0,1.0,0.0
0.6065097556846185,-0.7892723355548015,0.8273772438659699,-0.4894421904510968,0,1,0.0,0.0,1.0,0.0,1.0
0.610397638733879,-0.7892723355548015,-1.5661069258891576,0.2052890831722074,0,1,0.0,0.0,1.0,0.0,1.0
0.6142855217831393,-0.7892723355548015,0.8273772438659699,-0.4863374216869257,0,1,0.0,0.0,1.0,0.0,1.0
0.6181734048323997,1.266989801811655,-1.5661069258891576,-0.11384570873513637,0,1,1.0,0.0,0.0,0.0,1.0
0.62206128788166,-0.7892723355548015,0.8273772438659699,-0.3353272677875516,0,1,0.0,0.0,1.0,0.0,1.0
0.6259491709309204,-0.7892723355548015,0.8273772438659699,-0.4894421904510968,0,1,0.0,0.0,1.0,0.0,1.0
0.6298370539801809,1.266989801811655,-1.5661069258891576,-0.034313694348132716,0,1,0.0,0.0,1.0,0.0,1.0
0.6337249370294412,1.266989801811655,-0.3693648410115938,0.18876253192945994,0,0,1.0,0.0,0.0,1.0,0.0
0.6376128200787016,1.266989801811655,-1.5661069258891576,2.441497778832105,0,1,0.0,0.0,1.0,1.0,0.0
0.6415007031279619,-0.7892723355548015,0.8273772438659699,-0.01870931177853076,0,0,0.0,0.0,1.0,1.0,0.0
0.6453885861772223,-0.7892723355548015,0.8273772438659699,-0.5064721088735089,0,1,0.0,0.0,1.0,0.0,1.0
0.6492764692264827,1.266989801811655,0.8273772438659699,-0.3363340021468808,0,1,0.0,1.0,0.0,1.0,0.0
0.6531643522757431,-0.7892723355548015,0.8273772438659699,-0.49237782784290063,0,1,0.0,1.0,0.0,0.0,1.0
0.6570522353250035,-0.7892723355548015,0.8273772438659699,-0.4863374216869257,0,1,0.0,0.0,1.0,0.0,1.0
0.6609401183742638,1.266989801811655,-0.3693648410115938,0.6603330135889879,0,0,0.0,0.0,1.0,1.0,0.0
0.6648280014235242,-0.7892723355548015,0.8273772438659699,-0.35848215805212236,0,0,0.0,0.0,1.0,0.0,1.0
0.6687158844727845,-0.7892723355548015,0.8273772438659699,-0.32425318983493084,0,1,0.0,0.0,1.0,1.0,0.0
0.672603767522045,1.266989801811655,-0.3693648410115938,0.13683114673782454,0,0,0.0,0.0,1.0,1.0,0.0
0.6764916505713053,-0.7892723355548015,-0.3693648410115938,-0.43700743807979686,0,1,0.0,0.0,1.0,0.0,1.0
0.6803795336205657,-0.7892723355548015,0.8273772438659699,-0.3573908580066095,0,1,1.0,0.0,0.0,0.0,1.0
0.684267416669826,1.266989801811655,-1.5661069258891576,0.40974072380221066,0,1,0.0,0.0,1.0,0.0,1.0
0.6881552997190864,1.266989801811655,0.8273772438659699,-0.33146744825388363,0,0,1.0,0.0,0.0,0.0,1.0
0.6920431827683469,-0.7892723355548015,0.8273772438659699,-0.4902797934380587,0,1,0.0,0.0,1.0,0.0,1.0
0.6959310658176072,-0.7892723355548015,0.8273772438659699,-0.32425318983493084,0,1,0.0,0.0,1.0,0.0,1.0
0.6998189488668676,-0.7892723355548015,-1.5661069258891576,0.002347544081197954,0,1,0.0,0.0,1.0,0.0,1.0
0.7037068319161279,-0.7892723355548015,-0.3693648410115938,-0.3997582667846179,0,1,0.0,1.0,0.0,0.0,1.0
0.7075947149653883,1.266989801811655,-1.5661069258891576,0.921244330558889,0,1,0.0,0.0,1.0,1.0,0.0
0.7114825980146487,-0.7892723355548015,0.8273772438659699,-0.4894421904510968,0,1,0.0,0.0,1.0,0.0,1.0
0.7153704810639091,-0.7892723355548015,0.8273772438659699,-0.49271407711891657,0,1,0.0,1.0,0.0,0.0,1.0
0.7192583641131695,1.266989801811655,-1.5661069258891576,-0.04438103794142432,0,1,0.0,0.0,1.0,0.0,1.0
0.7231462471624298,-0.7892723355548015,0.8273772438659699,-0.5063875431873253,0,1,0.0,0.0,1.0,0.0,1.0
0.7270341302116902,1.266989801811655,-1.5661069258891576,-0.034313694348132716,0,1,1.0,0.0,0.0,0.0,1.0
0.7309220132609505,-0.7892723355548015,-1.5661069258891576,-0.6484216535389205,0,1,0.0,0.0,1.0,0.0,1.0
0.734809896310211,-0.7892723355548015,0.8273772438659699,-0.08666388103324908,0,0,0.0,0.0,1.0,1.0,0.0
0.7386977793594713,1.266989801811655,-0.3693648410115938,-0.3866707201133388,0,1,0.0,0.0,1.0,1.0,0.0
0.7425856624087317,-0.7892723355548015,0.8273772438659699,-0.4888542575852486,0,1,0.0,0.0,1.0,0.0,1.0
0.746473545457992,-0.7892723355548015,-0.3693648410115938,-0.11988611489111134,0,0,0.0,0.0,1.0,0.0,1.0
0.7503614285072524,-0.7892723355548015,0.8273772438659699,0.1506737441786005,0,0,0.0,0.0,1.0,1.0,0.0
0.7542493115565129,-0.7892723355548015,0.8273772438659699,-0.32425318983493084,0,1,0.0,0.0,1.0,0.0,1.0
0.7581371946057732,-0.7892723355548015,0.8273772438659699,-0.4902797934380587,0,1,0.0,0.0,1.0,0.0,1.0
0.7620250776550336,1.266989801811655,-1.5661069258891576,0.7469121684912956,0,1,1.0,0.0,0.0,1.0,0.0
0.7659129607042939,-0.7892723355548015,0.8273772438659699,-0.08666388103324908,0,0,0.0,0.0,1.0,1.0,0.0
0.7698008437535543,1.266989801811655,0.8273772438659699,0.48910360681684706,0,1,0.0,0.0,1.0,0.0,1.0
0.7736887268028148,1.266989801811655,0.8273772438659699,-0.26066180729354516,0,0,1.0,0.0,0.0,1.0,0.0
0.7775766098520751,1.266989801811655,-1.5661069258891576,0.8964967865378598,0,1,1.0,0.0,0.0,0.0,1.0
0.7814644929013355,-0.7892723355548015,0.8273772438659699,-0.4894421904510968,0,1,0.0,0.0,1.0,0.0,1.0
0.7853523759505958,1.266989801811655,-1.5661069258891576,0.06635974158478332,0,1,1.0,0.0,0.0,0.0,1.0
0.7892402589998562,-0.7892723355548015,0.8273772438659699,-0.49640476528021726,0,1,0.0,0.0,1.0,0.0,1.0
0.7931281420491166,1.266989801811655,0.8273772438659699,-0.49640476528021726,0,1,0.0,0.0,1.0,1.0,0.0
0.797016025098377,-0.7892723355548015,0.8273772438659699,-0.4894421904510968,0,1,0.0,0.0,1.0,0.0,1.0
0.8009039081476373,1.266989801811655,-0.3693648410115938,-0.18532384824750675,0,0,0.0,0.0,1.0,1.0,0.0
0.8047917911968977,-0.7892723355548015,0.8273772438659699,-0.47861979608830835,0,1,0.0,0.0,1.0,0.0,1.0
0.808679674246158,1.266989801811655,0.8273772438659699,-0.49078316061772326,0,1,0.0,1.0,0.0,1.0,0.0
0.8125675572954184,-0.7892723355548015,0.8273772438659699,-0.5125125150294839,0,1,0.0,1.0,0.0,1.0,0.0
0.8164554403446789,-0.7892723355548015,-0.3693648410115938,0.8314778546749452,0,0,0.0,0.0,1.0,0.0,1.0
0.8203433233939392,-0.7892723355548015,0.8273772438659699,-0.4894421904510968,0,1,0.0,0.0,1.0,0.0,1.0
0.8242312064431996,-0.7892723355548015,0.8273772438659699,-0.3363340021468808,0,0,0.0,1.0,0.0,1.0,0.0
0.8281190894924599,-0.7892723355548015,-0.3693648410115938,-0.3866707201133388,0,1,0.0,0.0,1.0,0.0,1.0
0.8320069725417203,-0.7892723355548015,-1.5661069258891576,1.6323350375212924,0,0,1.0,0.0,0.0,0.0,1.0
0.8358948555909808,1.266989801811655,-1.5661069258891576,2.042579288947925,0,0,0.0,0.0,1.0,0.0,1.0
0.8397827386402411,-0.7892723355548015,0.8273772438659699,-0.5029485386158568,0,1,1.0,0.0,0.0,0.0,1.0
0.8436706216895015,-0.7892723355548015,-1.5661069258891576,-0.13322534515222276,0,1,0.0,0.0,1.0,0.0,1.0
0.8475585047387618,-0.7892723355548015,0.8273772438659699,-0.4974960653257301,0,1,0.0,0.0,1.0,0.0,1.0
0.8514463877880222,1.266989801811655,0.8273772438659699,-0.4888542575852486,0,1,0.0,0.0,1.0,0.0,1.0
0.8553342708372826,-0.7892723355548015,-0.3693648410115938,0.8314778546749452,0,0,0.0,0.0,1.0,0.0,1.0
0.859222153886543,-0.7892723355548015,-0.3693648410115938,-0.3866707201133388,0,1,0.0,0.0,1.0,0.0,1.0
0.8631100369358033,-0.7892723355548015,0.8273772438659699,-0.4918744606632361,0,1,0.0,0.0,1.0,0.0,1.0
0.8669979199850637,-0.7892723355548015,0.8273772438659699,-0.4863374216869257,0,1,0.0,0.0,1.0,0.0,1.0
0.8708858030343241,1.266989801811655,-1.5661069258891576,0.39858208016340624,0,1,0.0,0.0,1.0,1.0,0.0
0.8747736860835844,1.266989801811655,-0.3693648410115938,0.13683114673782454,0,0,0.0,0.0,1.0,1.0,0.0
0.8786615691328449,-0.7892723355548015,-1.5661069258891576,0.39858208016340624,0,1,0.0,0.0,1.0,0.0,1.0
0.8825494521821052,-0.7892723355548015,-0.3693648410115938,-0.43700743807979686,0,1,0.0,0.0,1.0,0.0,1.0
0.8864373352313656,1.266989801811655,-0.3693648410115938,-0.3866707201133388,0,1,0.0,0.0,1.0,0.0,1.0
0.8903252182806259,-0.7892723355548015,-0.3693648410115938,-0.6484216535389205,0,1,0.0,0.0,1.0,0.0,1.0
0.8942131013298863,-0.7892723355548015,0.8273772438659699,-0.4918744606632361,0,1,0.0,0.0,1.0,0.0,1.0
0.8981009843791468,-0.7892723355548015,0.8273772438659699,-0.4863374216869257,0,1,0.0,0.0,1.0,0.0,1.0
0.9019888674284071,1.266989801811655,0.8273772438659699,-0.45026210265472455,0,1,0.0,0.0,1.0,1.0,0.0
0.9058767504776675,-0.7892723355548015,0.8273772438659699,0.2958951755118318,0,0,0.0,0.0,1.0,1.0,0.0
0.9097646335269278,1.266989801811655,-1.5661069258891576,9.667166525013505,0,0,1.0,0.0,0.0,0.0,1.0
0.9136525165761882,-0.7892723355548015,0.8273772438659699,-0.48457563655809965,0,1,0.0,1.0,0.0,1.0,0.0
0.9175403996254486,1.266989801811655,-1.5661069258891576,0.8964967865378598,0,1,1.0,0.0,0.0,0.0,1.0
0.921428282674709,-0.7892723355548015,0.8273772438659699,-0.4626791642426904,0,1,0.0,0.0,1.0,0.0,1.0
0.9253161657239694,-0.7892723355548015,0.8273772438659699,0.2958951755118318,0,0,0.0,0.0,1.0,0.0,1.0
0.9292040487732297,-0.7892723355548015,-0.3693648410115938,0.13683114673782454,0,0,0.0,0.0,1.0,0.0,1.0
0.9330919318224901,-0.7892723355548015,-0.3693648410115938,0.18876253192945994,0,0,1.0,0.0,0.0,0.0,1.0
0.9369798148717504,-0.7892723355548015,0.8273772438659699,0.1506737441786005,0,0,0.0,0.0,1.0,0.0,1.0
0.9408676979210109,-0.7892723355548015,0.8273772438659699,-0.44363577710162005,0,1,0.0,0.0,1.0,0.0,1.0
0.9447555809702712,-0.7892723355548015,0.8273772438659699,-0.49145565916975514,0,1,0.0,0.0,1.0,0.0,1.0
0.9486434640195316,1.266989801811655,-1.5661069258891576,3.6067927997556075,0,0,0.0,0.0,1.0,1.0,0.0
0.952531347068792,1.266989801811655,-1.5661069258891576,0.49925551609632224,0,1,0.0,0.0,1.0,0.0,1.0
0.9564192301180523,1.266989801811655,0.8273772438659699,-0.37828059596268965,0,0,1.0,0.0,0.0,1.0,0.0
0.9603071131673128,1.266989801811655,0.8273772438659699,0.48910360681684706,0,1,0.0,0.0,1.0,0.0,1.0
0.9641949962165731,-0.7892723355548015,0.8273772438659699,-0.5029485386158568,0,1,1.0,0.0,0.0,0.0,1.0
0.9680828792658335,-0.7892723355548015,-1.5661069258891576,-0.11384570873513637,0,1,0.0,0.0,1.0,0.0,1.0
0.9719707623150938,-0.7892723355548015,-0.3693648410115938,-0.3766033765200472,0,1,0.0,0.0,1.0,0.0,1.0
0.9758586453643542,-0.7892723355548015,0.8273772438659699,-0.4863374216869257,0,1,0.0,0.0,1.0,0.0,1.0
0.9797465284136146,1.266989801811655,0.8273772438659699,-0.49271407711891657,0,1,0.0,1.0,0.0,1.0,0.0
0.983634411462875,-0.7892723355548015,-1.5661069258891576,1.5841789061771412,0,0,1.0,0.0,0.0,0.0,1.0
0.9875222945121354,-0.7892723355548015,0.8273772438659699,-0.494391296561559,0,1,0.0,0.0,1.0,0.0,1.0
0.9914101775613957,1.266989801811655,-1.5661069258891576,3.9327230485884233,0,1,1.0,0.0,0.0,1.0,0.0
0.9952980606106561,1.266989801811655,-1.5661069258891576,-0.11913106412161445,0,1,0.0,0.0,1.0,0.0,1.0
0.9991859436599165,-0.7892723355548015,0.8273772438659699,-0.3573908580066095,0,0,1.0,0.0,0.0,1.0,0.0
1.0030738267091768,-0.7892723355548015,0.8273772438659699,-0.4925449457465493,0,1,0.0,1.0,0.0,0.0,1.0
1.0069617097584371,-0.7892723355548015,0.8273772438659699,-0.4902797934380587,0,1,0.0,0.0,1.0,0.0,1.0
1.0108495928076977,-0.7892723355548015,-0.3693648410115938,-0.12491978668775715,0,1,0.0,0.0,1.0,0.0,1.0
1.014737475856958,1.266989801811655,-0.3693648410115938,-0.3766033765200472,0,1,0.0,0.0,1.0,1.0,0.0
1.0186253589062184,1.266989801811655,-1.5661069258891576,-0.11913106412161445,0,1,0.0,0.0,1.0,0.0,1.0
1.0225132419554788,1.266989801811655,-1.5661069258891576,2.4029901895877646,0,1,0.0,0.0,1.0,1.0,0.0
1.0264011250047391,1.266989801811655,0.8273772438659699,-0.3414522396297103,0,0,1.0,0.0,0.0,0.0,1.0
1.0302890080539995,1.266989801811655,-1.5661069258891576,0.3483299278831318,0,1,1.0,0.0,0.0,1.0,0.0
1.0341768911032598,-0.7892723355548015,-1.5661069258891576,-0.11384570873513637,0,1,0.0,0.0,1.0,0.0,1.0
1.0380647741525202,1.266989801811655,-1.5661069258891576,0.39858208016340624,0,1,0.0,0.0,1.0,0.0,1.0
1.0419526572017805,-0.7892723355548015,0.8273772438659699,-0.457478374542396,0,1,0.0,0.0,1.0,0.0,1.0
1.045840540251041,-0.7892723355548015,-0.3693648410115938,-0.3866707201133388,0,1,0.0,0.0,1.0,0.0,1.0
1.0497284233003012,-0.7892723355548015,0.8273772438659699,-0.494391296561559,0,1,0.0,0.0,1.0,0.0,1.0
1.0536163063495618,1.266989801811655,-1.5661069258891576,3.9327230485884233,0,1,1.0,0.0,0.0,1.0,0.0
1.0575041893988222,1.266989801811655,-0.3693648410115938,-0.43700743807979686,0,1,0.0,0.0,1.0,1.0,0.0
1.0613920724480825,-0.7892723355548015,0.8273772438659699,-0.3363340021468808,0,1,0.0,1.0,0.0,0.0,1.0
1.065279955497343,-0.7892723355548015,0.8273772438659699,-0.4918744606632361,0,1,0.0,0.0,1.0,0.0,1.0
1.0691678385466032,1.266989801811655,-0.3693648410115938,0.016023023618325298,0,0,0.0,0.0,1.0,1.0,0.0
1.0730557215958636,-0.7892723355548015,0.8273772438659699,-0.5063875431873253,0,1,0.0,0.0,1.0,0.0,1.0
1.076943604645124,-0.7892723355548015,-0.3693648410115938,-0.3866707201133388,0,1,0.0,0.0,1.0,0.0,1.0
1.0808314876943843,-0.7892723355548015,-0.3693648410115938,-0.3866707201133388,0,1,0.0,0.0,1.0,0.0,1.0
1.0847193707436447,1.266989801811655,-1.5661069258891576,0.4207302360686478,0,1,0.0,0.0,1.0,0.0,1.0
1.088607253792905,-0.7892723355548015,0.8273772438659699,-0.47400492578514347,0,1,0.0,0.0,1.0,0.0,1.0
1.0924951368421656,1.266989801811655,-0.3693648410115938,-0.22559322262067316,0,0,0.0,0.0,1.0,1.0,0.0
1.096383019891426,1.266989801811655,0.8273772438659699,-0.4926295114327329,0,1,0.0,1.0,0.0,1.0,0.0
1.1002709029406863,-0.7892723355548015,-0.3693648410115938,-0.12491978668775715,0,1,0.0,0.0,1.0,0.0,1.0
1.1041587859899467,-0.7892723355548015,0.8273772438659699,-0.4888542575852486,0,1,0.0,0.0,1.0,1.0,0.0
1.108046669039207,1.266989801811655,-1.5661069258891576,3.6067927997556075,0,1,0.0,0.0,1.0,1.0,0.0
1.1119345520884674,-0.7892723355548015,0.8273772438659699,-0.2701412180209885,0,1,1.0,0.0,0.0,0.0,1.0
1.1158224351377277,-0.7892723355548015,-0.3693648410115938,-0.6484216535389205,0,1,0.0,0.0,1.0,0.0,1.0
1.119710318186988,-0.7892723355548015,-0.3693648410115938,-0.3866707201133388,0,1,0.0,0.0,1.0,0.0,1.0
1.1235982012362484,-0.7892723355548015,-0.3693648410115938,-0.3866707201133388,0,1,0.0,0.0,1.0,0.0,1.0
1.1274860842855088,-0.7892723355548015,0.8273772438659699,-0.32425318983493084,0,1,0.0,0.0,1.0,0.0,1.0
1.1313739673347691,-0.7892723355548015,0.8273772438659699,0.04370821849987721,0,0,0.0,0.0,1.0,1.0,0.0
1.1352618503840297,1.266989801811655,-1.5661069258891576,9.667166525013505,0,1,1.0,0.0,0.0,0.0,1.0
1.13914973343329,-0.7892723355548015,0.8273772438659699,-0.4894421904510968,0,1,0.0,0.0,1.0,0.0,1.0
1.1430376164825504,-0.7892723355548015,0.8273772438659699,-0.4894421904510968,0,1,0.0,0.0,1.0,0.0,1.0
1.1469254995318108,1.266989801811655,-1.5661069258891576,-0.04438103794142432,0,1,0.0,0.0,1.0,0.0,1.0
1.1508133825810711,-0.7892723355548015,-1.5661069258891576,0.9391984311231651,0,1,0.0,0.0,1.0,0.0,1.0
1.1547012656303315,1.266989801811655,-1.5661069258891576,4.634416897040849,0,0,1.0,0.0,0.0,1.0,0.0
1.1585891486795918,-0.7892723355548015,0.8273772438659699,-0.32425318983493084,0,1,0.0,0.0,1.0,0.0,1.0
1.1624770317288522,1.266989801811655,0.8273772438659699,-0.4888542575852486,0,1,0.0,0.0,1.0,0.0,1.0
1.1663649147781125,-0.7892723355548015,-1.5661069258891576,0.7811411367084872,0,0,0.0,0.0,1.0,0.0,1.0
1.170252797827373,-0.7892723355548015,0.8273772438659699,-0.24069423801061057,0,0,0.0,0.0,1.0,0.0,1.0
1.1741406808766333,1.266989801811655,-0.3693648410115938,-0.3866707201133388,0,1,0.0,0.0,1.0,1.0,0.0
1.1780285639258938,-0.7892723355548015,-1.5661069258891576,0.4207302360686478,0,1,0.0,0.0,1.0,0.0,1.0
1.1819164469751542,-0.7892723355548015,0.8273772438659699,-0.49237782784290063,0,1,0.0,1.0,0.0,0.0,1.0
1.1858043300244145,1.266989801811655,-0.3693648410115938,-0.18532384824750675,0,0,0.0,0.0,1.0,1.0,0.0
1.189692213073675,1.266989801811655,0.8273772438659699,-0.397241430886295,0,0,0.0,0.0,1.0,0.0,1.0
1.1935800961229353,-0.7892723355548015,0.8273772438659699,-0.45714212526638004,0,1,0.0,0.0,1.0,0.0,1.0
1.1974679791721956,-0.7892723355548015,0.8273772438659699,-0.4894421904510968,0,1,0.0,0.0,1.0,0.0,1.0
1.201355862221456,1.266989801811655,-0.3693648410115938,0.6603330135889879,0,0,0.0,0.0,1.0,1.0,0.0
1.2052437452707163,1.266989801811655,-0.3693648410115938,-0.35646868933346404,0,0,0.0,0.0,1.0,0.0,1.0
1.2091316283199767,-0.7892723355548015,0.8273772438659699,-0.49145565916975514,0,1,0.0,0.0,1.0,0.0,1.0
1.213019511369237,-0.7892723355548015,-0.3693648410115938,-0.41687275089321363,0,1,0.0,0.0,1.0,0.0,1.0
1.2169073944184976,-0.7892723355548015,0.8273772438659699,-0.4863374216869257,0,1,0.0,0.0,1.0,0.0,1.0
1.220795277467758,1.266989801811655,-1.5661069258891576,1.093228788100527,0,1,0.0,0.0,1.0,1.0,0.0
1.2246831605170183,-0.7892723355548015,0.8273772438659699,-0.35646868933346404,0,1,0.0,0.0,1.0,0.0,1.0
1.2285710435662787,-0.7892723355548015,0.8273772438659699,-0.5049620073345151,0,1,0.0,0.0,1.0,0.0,1.0
1.232458926615539,1.266989801811655,0.8273772438659699,-0.5028639729296732,0,1,1.0,0.0,0.0,0.0,1.0
1.2363468096647994,1.266989801811655,-1.5661069258891576,1.7677408088510642,0,0,0.0,0.0,1.0,1.0,0.0
1.2402346927140597,-0.7892723355548015,0.8273772438659699,-0.4918744606632361,0,1,0.0,0.0,1.0,0.0,1.0
1.24412257576332,1.266989801811655,-1.5661069258891576,0.921244330558889,0,1,0.0,0.0,1.0,1.0,0.0
1.2480104588125804,-0.7892723355548015,-1.5661069258891576,0.1489119590497745,0,1,1.0,0.0,0.0,0.0,1.0
1.2518983418618408,-0.7892723355548015,0.8273772438659699,-0.49237782784290063,0,1,0.0,1.0,0.0,1.0,0.0
1.2557862249111011,-0.7892723355548015,0.8273772438659699,-0.1621689579829361,0,1,0.0,1.0,0.0,0.0,1.0
1.2596741079603617,-0.7892723355548015,0.8273772438659699,-0.4800453319411184,0,1,0.0,0.0,1.0,0.0,1.0
1.263561991009622,-0.7892723355548015,0.8273772438659699,-0.45714212526638004,0,1,0.0,0.0,1.0,0.0,1.0
1.2674498740588824,-0.7892723355548015,0.8273772438659699,-0.4902797934380587,0,1,0.0,0.0,1.0,0.0,1.0
1.2713377571081428,-0.7892723355548015,-0.3693648410115938,-0.43700743807979686,0,1,0.0,0.0,1.0,1.0,0.0
1.2752256401574031,-0.7892723355548015,0.8273772438659699,-0.5029485386158568,0,1,1.0,0.0,0.0,0.0,1.0
1.2791135232066635,1.266989801811655,-0.3693648410115938,-0.18532384824750675,0,0,0.0,0.0,1.0,1.0,0.0
1.2830014062559238,-0.7892723355548015,0.8273772438659699,-0.49237782784290063,0,1,0.0,0.0,1.0,0.0,1.0
1.2868892893051842,-0.7892723355548015,0.8273772438659699,-0.49237782784290063,0,1,0.0,1.0,0.0,0.0,1.0
1.2907771723544446,1.266989801811655,0.8273772438659699,-0.397241430886295,0,1,0.0,0.0,1.0,1.0,0.0
1.294665055403705,-0.7892723355548015,0.8273772438659699,-0.4926295114327329,0,1,0.0,1.0,0.0,0.0,1.0
1.2985529384529655,1.266989801811655,-1.5661069258891576,3.6067927997556075,0,0,0.0,0.0,1.0,1.0,0.0
1.3024408215022258,1.266989801811655,0.8273772438659699,-0.5028639729296732,0,1,1.0,0.0,0.0,1.0,0.0
1.3063287045514862,1.266989801811655,-1.5661069258891576,0.49925551609632224,0,1,0.0,0.0,1.0,1.0,0.0
1.3102165876007466,-0.7892723355548015,-1.5661069258891576,-0.04438103794142432,0,1,0.0,0.0,1.0,0.0,1.0
1.314104470650007,-0.7892723355548015,0.8273772438659699,-0.17626323901354432,0,0,0.0,0.0,1.0,0.0,1.0
1.3179923536992673,-0.7892723355548015,0.8273772438659699,-0.5064721088735089,0,1,0.0,0.0,1.0,0.0,1.0
1.3218802367485276,-0.7892723355548015,0.8273772438659699,-0.5024451714361923,0,1,0.0,0.0,1.0,0.0,1.0
1.325768119797788,1.266989801811655,0.8273772438659699,-0.4974960653257301,0,1,0.0,0.0,1.0,1.0,0.0
1.3296560028470483,-0.7892723355548015,0.8273772438659699,-0.06199888922968463,0,0,0.0,1.0,0.0,0.0,1.0
1.3335438858963087,1.266989801811655,0.8273772438659699,-0.23415046467497105,0,0,0.0,0.0,1.0,0.0,1.0
1.337431768945569,-0.7892723355548015,-1.5661069258891576,0.9462455716384695,0,1,1.0,0.0,0.0,0.0,1.0
1.3413196519948296,-0.7892723355548015,0.8273772438659699,-0.49237782784290063,0,1,0.0,1.0,0.0,0.0,1.0
1.34520753504409,-0.7892723355548015,-0.3693648410115938,-0.12491978668775715,0,1,0.0,0.0,1.0,0.0,1.0
1.3490954180933503,-0.7892723355548015,0.8273772438659699,0.7519458402879414,0,0,0.0,0.0,1.0,1.0,0.0
1.3529833011426107,-0.7892723355548015,-1.5661069258891576,-0.030371322596999754,0,1,1.0,0.0,0.0,0.0,1.0
1.356871184191871,-0.7892723355548015,0.8273772438659699,-0.4894421904510968,0,1,0.0,0.0,1.0,0.0,1.0
1.3607590672411314,-0.7892723355548015,-0.3693648410115938,-0.3866707201133388,0,1,0.0,0.0,1.0,0.0,1.0
1.3646469502903917,1.266989801811655,-1.5661069258891576,-0.1263453225405672,0,1,0.0,0.0,1.0,1.0,0.0
1.368534833339652,1.266989801811655,0.8273772438659699,-0.4735861242916626,0,1,0.0,0.0,1.0,1.0,0.0
1.3724227163889124,-0.7892723355548015,0.8273772438659699,-0.5028639729296732,0,1,1.0,0.0,0.0,0.0,1.0
1.3763105994381728,-0.7892723355548015,0.8273772438659699,-0.1621689579829361,0,0,0.0,0.0,1.0,1.0,0.0
1.3801984824874334,-0.7892723355548015,-0.3693648410115938,-0.3866707201133388,0,1,0.0,0.0,1.0,0.0,1.0
1.3840863655366937,1.266989801811655,-0.3693648410115938,-0.11988611489111134,0,0,0.0,0.0,1.0,1.0,0.0
1.387974248585954,1.266989801811655,-1.5661069258891576,1.7677408088510642,0,0,0.0,0.0,1.0,0.0,1.0
1.3918621316352144,1.266989801811655,0.8273772438659699,-0.47694056317694733,0,0,1.0,0.0,0.0,0.0,1.0
1.3957500146844748,1.266989801811655,0.8273772438659699,-0.5079822104125026,0,1,0.0,0.0,1.0,0.0,1.0
1.3996378977337351,-0.7892723355548015,0.8273772438659699,-0.4918744606632361,0,1,0.0,0.0,1.0,0.0,1.0
1.4035257807829955,-0.7892723355548015,-1.5661069258891576,-0.6484216535389205,0,1,0.0,0.0,1.0,0.0,1.0
1.4074136638322559,-0.7892723355548015,0.8273772438659699,-0.4918744606632361,0,1,0.0,0.0,1.0,1.0,0.0
1.4113015468815162,-0.7892723355548015,-0.3693648410115938,-0.3866707201133388,0,1,0.0,0.0,1.0,0.0,1.0
1.4151894299307766,1.266989801811655,-1.5661069258891576,0.4207302360686478,0,1,0.0,0.0,1.0,1.0,0.0
1.419077312980037,-0.7892723355548015,0.8273772438659699,-0.4896093083547455,0,1,0.0,0.0,1.0,0.0,1.0
1.4229651960292975,-0.7892723355548015,0.8273772438659699,-0.1621689579829361,0,1,0.0,0.0,1.0,0.0,1.0
1.4268530790785579,-0.7892723355548015,-0.3693648410115938,-0.43700743807979686,0,1,0.0,0.0,1.0,0.0,1.0
1.4307409621278182,-0.7892723355548015,0.8273772438659699,-0.01870931177853076,0,0,0.0,0.0,1.0,1.0,0.0
1.4346288451770786,-0.7892723355548015,0.8273772438659699,-0.4863374216869257,0,1,0.0,0.0,1.0,0.0,1.0
1.438516728226339,-0.7892723355548015,-1.5661069258891576,-0.6484216535389205,0,1,0.0,0.0,1.0,0.0,1.0
1.4424046112755993,-0.7892723355548015,0.8273772438659699,-0.4888542575852486,0,1,0.0,0.0,1.0,1.0,0.0
1.4462924943248596,-0.7892723355548015,-0.3693648410115938,0.09664633805084172,0,0,1.0,0.0,0.0,0.0,1.0
1.45018037737412,-0.7892723355548015,0.8273772438659699,-0.5185529211854588,0,1,0.0,0.0,1.0,0.0,1.0
1.4540682604233803,-0.7892723355548015,0.8273772438659699,-0.08666388103324908,0,0,0.0,0.0,1.0,0.0,1.0
1.4579561434726407,1.266989801811655,-1.5661069258891576,1.2341715984066093,0,0,0.0,0.0,1.0,1.0,0.0
1.461844026521901,1.266989801811655,0.8273772438659699,-0.47400492578514347,0,1,0.0,0.0,1.0,0.0,1.0
1.4657319095711616,-0.7892723355548015,-1.5661069258891576,-0.6484216535389205,0,1,0.0,0.0,1.0,0.0,1.0
1.469619792620422,1.266989801811655,0.8273772438659699,-0.397241430886295,0,0,0.0,0.0,1.0,1.0,0.0
1.4735076756696823,-0.7892723355548015,0.8273772438659699,0.1506737441786005,0,0,0.0,0.0,1.0,0.0,1.0
1.4773955587189427,-0.7892723355548015,0.8273772438659699,-0.5084855775921673,0,1,0.0,1.0,0.0,0.0,1.0
1.481283441768203,-0.7892723355548015,0.8273772438659699,0.48910360681684706,0,1,0.0,0.0,1.0,0.0,1.0
1.4851713248174634,1.266989801811655,-0.3693648410115938,0.09664633805084172,0,0,1.0,0.0,0.0,0.0,1.0
1.4890592078667237,1.266989801811655,0.8273772438659699,-0.49237782784290063,0,1,0.0,1.0,0.0,0.0,1.0
1.492947090915984,1.266989801811655,-1.5661069258891576,0.962353321387736,0,1,0.0,0.0,0.0,1.0,0.0
1.4968349739652445,1.266989801811655,0.8273772438659699,-0.3573908580066095,0,1,1.0,0.0,0.0,1.0,0.0
1.5007228570145048,1.266989801811655,-0.3693648410115938,-0.2708962687904854,0,0,0.0,0.0,1.0,0.0,1.0
1.5046107400637654,-0.7892723355548015,0.8273772438659699,-0.5028639729296732,0,1,1.0,0.0,0.0,0.0,1.0
1.5084986231130257,-0.7892723355548015,0.8273772438659699,-0.4902797934380587,0,1,0.0,0.0,1.0,0.0,1.0
1.512386506162286,-0.7892723355548015,0.8273772438659699,-0.48130374989027985,0,1,0.0,0.0,1.0,0.0,1.0
1.5162743892115464,1.266989801811655,-1.5661069258891576,1.0259447039291216,0,0,1.0,0.0,0.0,1.0,0.0
1.5201622722608068,-0.7892723355548015,0.8273772438659699,-0.47400492578514347,0,1,0.0,0.0,1.0,0.0,1.0
1.5240501553100672,-0.7892723355548015,0.8273772438659699,-0.4863374216869257,0,1,0.0,0.0,1.0,0.0,1.0
1.5279380383593275,1.266989801811655,0.8273772438659699,0.48910360681684706,0,1,0.0,0.0,1.0,0.0,1.0
1.5318259214085879,1.266989801811655,-1.5661069258891576,-0.05042144409739929,0,1,1.0,0.0,0.0,0.0,1.0
1.5357138044578482,-0.7892723355548015,0.8273772438659699,-0.4888542575852486,0,1,0.0,0.0,1.0,0.0,1.0
1.5396016875071086,-0.7892723355548015,-0.3693648410115938,-0.43700743807979686,0,1,0.0,0.0,1.0,0.0,1.0
1.543489570556369,1.266989801811655,-1.5661069258891576,-0.024246350754841113,0,1,1.0,0.0,0.0,1.0,0.0
1.5473774536056295,-0.7892723355548015,0.8273772438659699,-0.5188046047752911,0,1,1.0,0.0,0.0,0.0,1.0
1.5512653366548899,-0.7892723355548015,0.8273772438659699,-0.47400492578514347,0,1,0.0,0.0,1.0,0.0,1.0
1.5551532197041502,-0.7892723355548015,0.8273772438659699,-0.49640476528021726,0,1,0.0,0.0,1.0,0.0,1.0
1.5590411027534106,-0.7892723355548015,0.8273772438659699,0.7519458402879414,0,0,0.0,0.0,1.0,0.0,1.0
1.562928985802671,-0.7892723355548015,0.8273772438659699,-0.4894421904510968,0,1,1.0,0.0,0.0,0.0,1.0
1.5668168688519313,-0.7892723355548015,-0.3693648410115938,0.016023023618325298,0,0,0.0,0.0,1.0,0.0,1.0
1.5707047519011916,1.266989801811655,-1.5661069258891576,1.145663540471827,0,1,1.0,0.0,0.0,1.0,0.0
1.574592634950452,-0.7892723355548015,0.8273772438659699,-0.01870931177853076,0,0,0.0,0.0,1.0,0.0,1.0
1.5784805179997123,-0.7892723355548015,0.8273772438659699,-0.4918744606632361,0,1,0.0,0.0,1.0,0.0,1.0
1.5823684010489727,-0.7892723355548015,0.8273772438659699,-0.3414522396297103,0,0,1.0,0.0,0.0,1.0,0.0
1.5862562840982333,1.266989801811655,-1.5661069258891576,0.14488502161245778,0,0,0.0,0.0,1.0,1.0,0.0
1.5901441671474936,-0.7892723355548015,-0.3693648410115938,-0.12491978668775715,0,1,0.0,0.0,1.0,1.0,0.0
1.594032050196754,1.266989801811655,0.8273772438659699,-0.4601623283443675,0,0,0.0,0.0,1.0,1.0,0.0
1.5979199332460143,1.266989801811655,-1.5661069258891576,2.671117778445337,0,0,0.0,0.0,1.0,1.0,0.0
1.6018078162952747,1.266989801811655,-1.5661069258891576,-0.11384570873513637,0,1,0.0,0.0,1.0,0.0,1.0
1.605695699344535,1.266989801811655,0.8273772438659699,-0.26066180729354516,0,0,1.0,0.0,0.0,1.0,0.0
1.6095835823937954,-0.7892723355548015,0.8273772438659699,-0.5028639729296732,0,1,1.0,0.0,0.0,0.0,1.0
1.6134714654430558,-0.7892723355548015,0.8273772438659699,-0.36435544630444866,0,0,0.0,0.0,1.0,0.0,1.0
1.617359348492316,-0.7892723355548015,-0.3693648410115938,-0.41687275089321363,0,1,0.0,0.0,1.0,0.0,1.0
1.6212472315415765,1.266989801811655,-1.5661069258891576,-0.1263453225405672,0,1,0.0,0.0,1.0,1.0,0.0
1.6251351145908368,-0.7892723355548015,0.8273772438659699,0.7519458402879414,0,0,0.0,0.0,1.0,1.0,0.0
1.6290229976400974,-0.7892723355548015,-0.3693648410115938,-0.3866707201133388,0,1,0.0,0.0,1.0,0.0,1.0
1.6329108806893577,1.266989801811655,-0.3693648410115938,-0.3866707201133388,0,1,0.0,0.0,1.0,1.0,0.0
1.636798763738618,1.266989801811655,-0.3693648410115938,-0.3693891181010945,0,1,1.0,0.0,0.0,1.0,0.0
1.6406866467878785,-0.7892723355548015,-1.5661069258891576,0.3682954836973478,0,1,0.0,0.0,1.0,0.0,1.0
1.6445745298371388,-0.7892723355548015,0.8273772438659699,-0.45714212526638004,0,1,0.0,0.0,1.0,0.0,1.0
1.6484624128863992,1.266989801811655,0.8273772438659699,-0.4242561406845337,0,0,0.0,0.0,1.0,0.0,1.0
1.6523502959356595,-0.7892723355548015,0.8273772438659699,-0.4894421904510968,0,1,0.0,0.0,1.0,0.0,1.0
1.6562381789849199,1.266989801811655,-1.5661069258891576,0.40974072380221066,0,0,0.0,0.0,1.0,1.0,0.0
1.6601260620341802,-0.7892723355548015,-1.5661069258891576,-0.5477482176060045,0,1,0.0,0.0,1.0,0.0,1.0
1.6640139450834406,-0.7892723355548015,0.8273772438659699,-0.46720946885967163,0,1,0.0,0.0,1.0,0.0,1.0
1.667901828132701,1.266989801811655,-0.3693648410115938,-0.16518916106092355,0,1,1.0,0.0,0.0,1.0,0.0
1.6717897111819615,1.266989801811655,0.8273772438659699,-0.5029485386158568,0,1,1.0,0.0,0.0,1.0,0.0
1.6756775942312219,-0.7892723355548015,0.8273772438659699,-0.45017955043725955,0,1,0.0,0.0,1.0,0.0,1.0
1.6795654772804822,-0.7892723355548015,0.8273772438659699,-0.4894421904510968,0,1,0.0,0.0,1.0,0.0,1.0
1.6834533603297426,-0.7892723355548015,0.8273772438659699,-0.4894421904510968,0,1,0.0,0.0,1.0,0.0,1.0
1.687341243379003,1.266989801811655,-1.5661069258891576,1.0259447039291216,0,0,1.0,0.0,0.0,1.0,0.0
1.6912291264282633,1.266989801811655,-0.3693648410115938,-0.12491978668775715,0,0,0.0,0.0,1.0,1.0,0.0
1.6951170094775236,-0.7892723355548015,0.8273772438659699,-0.4894421904510968,0,1,0.0,0.0,1.0,0.0,1.0
1.699004892526784,-0.7892723355548015,0.8273772438659699,-0.4366711888037809,0,1,0.0,0.0,1.0,1.0,0.0
1.7028927755760443,-0.7892723355548015,-0.3693648410115938,-0.43700743807979686,0,1,0.0,0.0,1.0,0.0,1.0
1.7067806586253047,-0.7892723355548015,0.8273772438659699,-0.5064721088735089,0,1,0.0,0.0,1.0,0.0,1.0
1.7106685416745653,-0.7892723355548015,0.8273772438659699,-0.06199888922968463,0,0,0.0,1.0,0.0,1.0,0.0
1.7145564247238256,-0.7892723355548015,-0.3693648410115938,-0.3866707201133388,0,1,0.0,0.0,1.0,0.0,1.0
1.718444307773086,1.266989801811655,-1.5661069258891576,-0.04438103794142432,0,1,0.0,0.0,1.0,1.0,0.0
1.7223321908223463,-0.7892723355548015,0.8273772438659699,-0.17626323901354432,0,0,0.0,0.0,1.0,1.0,0.0
1.7262200738716067,1.266989801811655,-1.5661069258891576,-0.04438103794142432,0,1,1.0,0.0,0.0,0.0,1.0
1.730107956920867,-0.7892723355548015,0.8273772438659699,-0.49237782784290063,0,1,0.0,1.0,0.0,0.0,1.0
